LLM_model,temperature,encoder,top_k,seconds,logfile_name,prompt,generated_direct_answer,generated_summary_with_recommendations
command-r-plus-08-2024,1,all-MiniLM-L6-v2,3,24.16275356,prompt0_topK3_logfile.txt,Which object is closest to VHA?,"[(65422274, 65460682, 59552265, 'WMR-3128', 4177270, 365055, 0.0, 29, 29189, 29189220300, 291892203001, 291892203001073, 5643642, 175626, 0.0, 29, 29189, 29189220300, 291892203001, 291892203001124, 20554, 20555, 63125, 'Saint Louis', 'MO', 10.710000038147, 9358, '2013/01/18 07:08:17', 'IL,MO', 71401010507, 'Palmer Creek-Mississippi River', 'S', 'KA,LE,PS', 71401010603, 0, 7, 714, 71401, 7140101, 714010105, 127.38, -10050317.6478, 3950291.2854, 97979263, 54432153, None, 97979263, 54432153, 76951.3692146028, 946, 75, None, 0.450821965932846, 36, 11344.9426050618, 95, 37397.3330384658, 74808, 418.680963791317, 141, 26079.9239267857, 385, 26079.9239267857, 25, 99688.0135118287, 20509, 3233.92671088034, 4, 22927.9103043373, 129, 36951.5817538844, 136, 15470.7433413195, 70, 15463.3590419299, 619, 50746.212333913, 84, 15249.0646236172, 204, 147409.654874004, 130, 1588503.64926968, 2429, 9733.87052712364, 48.4854372059843, 59376, 3148.45548164055, 4895, 9887.81143217975, 8715, 4703.30554144484, 1918, 14620.4901136569, 36329, 286.316896390808, 5268, 8475.04993783753, 93, 9477.18970756049, 153116, 952.149270128014, 16032, 1876.04658467766, 43616, 985.064446976385, 9000, 3170.73714733437, 110, 37849.9048013648, 66, 35779.273782893, None, 338, 35.2747679497562)]","Here is a summary of the fetched features and their corresponding values:

- **DIST_VHA (Distance to Veteran Health Administration Facility)**: This feature has a relevance score of 0.718450 and a value of 35.2747679497562. It represents the distance to the nearest Veteran Health Administration facility.
- **FID_VHA (Feature Identifier for Veteran Health Administration Facility)**: FID_VHA has a relevance of 0.560665 and is associated with the value 338. It seems to be an identifier for a specific Veteran Health Administration facility.
- **D_PubHealth (Distance to Public Health Facility)**: The relevance score for this feature is 0.492861, and the distance to the nearest public health facility is 14620.4901136569 units.

The summary provides an overview of the features, their relevance scores, and the corresponding values, offering a concise understanding of the fetched data."
command-r-plus-08-2024,1,all-MiniLM-L6-v2,3,46.11278006,prompt1_TopK3_logfile.txt,Return an object with the highest number of Oil Refineries around it.,"[(62514243, 62552651, 53533251, 'UPM-3759', 4196578, 4072363, 0.0, 29, 29213, 29213480302, 292134803021, 292134803021058, 5671154, 10999073, 0.0, 29, 29213, 29213480302, 292134803022, 292134803022156, 21373, 21374, 65679, 'Kirbyville', 'MO', 55.0200004577637, 55787, '2017/10/06 14:59:04', 'AR,MO', 110100030503, 'Bee Creek-Bull Shoals Lake', 'S', 'KA,RS,TF', 110100030504, 0, 11, 1101, 110100, 11010003, 1101000305, 95.03, -10359004.2946, 3774300.4626, 71278010, 48413139, None, 71278010, 48413139, 67261.121383978, 10890, 27961, None, 0.0172122120857239, 0, 184118.286118651, 7, 184491.083310853, 93151, 16173.1704602431, 212, 96036.4972207199, 456, 96036.4972207199, 1, 235597.949096482, 16521, 1706.31214990773, 40, 235597.949096482, 217, 238838.558703531, 19, 225811.89948507, 53, 277297.439124213, 1569, 71606.8588631183, 157, 61097.237949097, 102, 162631.078617814, 15, 1334826.79711273, 5785, 23107.5250473068, -102.665698654756, 35037, 5903.81896551959, 5711, 16137.2233529882, 12528, 9600.38799855711, 1069, 19032.394390773, 52559, 14596.4714673451, 4561, 21986.7015500794, 63, 179790.54616737, 143805, 9595.65442453941, 5493, 430.606305407413, 33623, 16817.5536374496, 4178, 58791.8555811356, 142, 287992.53927808, 23, 286569.933903682, None, 863, 24022.2738053429)]","Here's a summary of the fetched features and their corresponding values:

- **D_UrnVandD (Distance to Used Oil Recycling/Disposal facility)**: This feature has a relevance score of 0.451166 and a value of 1334826.79711273.

- **D_OilRef (Distance to Oil Refinery)**: Relevance score: 0.446069, Value: 287992.53927808.

- **D_OilRefPl (Distance to Oil Refinery Pipeline)**: With a relevance of 0.409426, the distance is 286569.933903682."
command-r-plus-08-2024,1,all-MiniLM-L6-v2,3,51.57093326,prompt2_topK3_logfile.txt,Show the objects near a Nonferrous Metal Mine.,"[(34201748, 34240160, 1068392, 'BLOCK2020_ID', 375721, 1147, 0.0, 5, 5007, 5007020104, 50070201041, 50070201041012, 5369595, 6349726, 0.0, 29, 29009, 29009960401, 290099604012, 290099604012154, 21417, 21418, 65745, 'Seligman', 'MO', 75.0899963378906, 38053, '2013/01/18 07:07:59', 'AR,MO', 110702080101, 'Headwaters Big Sugar Creek', 'S', 'TF', 110702080102, 0, 11, 1107, 110702, 11070208, 1107020801, 90.01, -10459987.0556, 3774322.8433, 71135089, 114744288, None, 71135089, 114744288, 33960.9754588392, 5101, 26401, None, 0.12463503330946, 7, 240106.164511486, 198, 127443.961255088, 565, 16393.4502175163, 265, 103699.576931626, 509, 103699.576931626, 1, 330102.866912429, 16410, 3192.22693426998, 40, 330102.866912429, 134, 189166.860611329, 19, 322635.650551083, 53, 374493.531902259, 1150, 23358.6694500832, 157, 99008.3951625631, 205, 82817.4454917688, 15, 1235059.42450282, 5781, 19297.023521843, -142.748566858765, 73260, 1919.20672169401, 4145, 14662.9114610466, 8469, 3597.61254310722, 350, 18357.7070143644, 91724, 4446.74693387596, 4324, 20013.2154069464, 296, 237356.057860536, 125333, 3408.81921769406, 58989, 1828.38131684, 31556, 18392.9131880389, 3147, 23992.0499868661, 116, 189274.592560613, 23, 187814.143056606, None, 211, 43376.6903562971), (34201752, 34240164, 1068397, 'BLOCK2020_ID', 3971949, 1136, 0.0, 29, 29009, 29009960401, 290099604011, 290099604011022, 5369260, 11961179, 0.0007692385697737, 29, 29009, 29009960401, 290099604011, 290099604011056, 23651, 23652, 72631, 'Eureka Springs', 'AR', 63.5499992370605, 37773, '2013/01/18 07:07:59', 'AR,MO', 110100010803, 'Cedar Creek-Table Rock Lake', 'S', 'KA,RS,TF', 110100010804, 0, 11, 1101, 110100, 11010001, 1101000108, 89.77, -10438831.3589, 3774344.6225, 71142753, 114744293, None, 71142753, 114744293, 63671.1376632926, 111, 14070, None, 0.0, 0, 234670.507391375, 198, 142156.611398748, 107598, 7209.18329799446, 208, 100006.51235965, 452, 100006.51235965, 1, 309957.792904181, 16021, 3284.84224721637, 40, 309957.792904181, 134, 209670.239789467, 19, 302119.168854063, 53, 353949.096711314, 1150, 3712.22551048455, 157, 82699.5109340354, 205, 102266.55319276, 15, 1255940.2225967, 5811, 24203.450380776, -25.7412669657077, 49605, 6305.19708089947, 4145, 10688.4045186866, 265, 8583.41696512239, 350, 19111.6825485072, 73824, 9499.89804613872, 4324, 21582.8417370877, 63, 229587.896925217, 198865, 1896.69512227629, 5488, 3380.81806191689, 31556, 18673.1174834887, 1603, 41541.4485196256, 116, 209772.083288743, 23, 208320.413816181, None, 462, 54727.8254053755), (34201755, 34240167, 1068409, 'BLOCK2020_ID', 4103675, 1206, 0.0, 29, 29119, 29119070101, 291190701012, 291190701012079, 5542406, 8560591, 0.0, 29, 29119, 29119070100, 291190701004, 291190701004064, 23691, 23692, 72715, 'Bella Vista', 'AR', 30.8700008392334, 38055, '2013/01/18 07:07:59', 'AR,MO', 110702080205, 'Browning Creek-Little Sugar Creek', 'S', 'TF', 110702080206, 0, 11, 1107, 110702, 11070208, 1107020802, 121.7, -10498637.3321, 3774375.5537, 69892821, 114744305, None, 69892821, 114744305, 39769.8439725998, 10567, 20751, None, 0.133936867117882, 7, 231699.589743681, 198, 106417.666321234, 19729, 5870.35095999258, 265, 76322.7171231695, 509, 76322.7171231695, 1, 367175.758765263, 16000, 4273.2823038384, 40, 367175.758765263, 134, 152140.487999141, 19, 360289.446753786, 53, 412167.212541221, 699, 48035.4300395992, 177, 100228.439778831, 205, 50863.4172915867, 15, 1196920.93608437, 5807, 4622.52442142096, -2.96025979397199, 82140, 932.214363447093, 7430, 28194.3469264111, 33664, 3956.10076169839, 771, 11753.9021054102, 42123, 4746.93409943901, 4328, 3416.82740571987, 296, 229063.13321562, 150402, 3251.75406964918, 25536, 4674.91557151082, 35679, 14327.1379671104, 5919, 20502.928472927, 116, 152262.58830191, 23, 150784.617995667, None, 211, 41102.3973052778), (34201757, 34240169, 1068411, 'BLOCK2020_ID', 3972102, 22646, 0.0, 29, 29009, 29009960401, 290099604012, 290099604012062, 5369598, 22646, 0.0, 29, 29009, 29009960401, 290099604012, 290099604012157, 21417, 21418, 65745, 'Seligman', 'MO', 75.0899963378906, 38053, '2013/01/18 07:07:59', 'AR,MO', 110702080101, 'Headwaters Big Sugar Creek', 'S', 'TF', 110702080102, 0, 11, 1107, 110702, 11070208, 1107020801, 90.01, -10463654.888, 3774387.5585, 71133767, 114744307, None, 71133767, 114744307, 89314.3027822565, 3058, 27680, None, 0.128239572048187, 7, 238995.514378694, 198, 125134.183079305, 565, 12867.5179784353, 265, 100748.063914672, 509, 100748.063914672, 1, 333588.096004023, 16835, 5292.91379106271, 40, 333588.096004023, 134, 185608.988617586, 19, 326184.912744718, 53, 378046.442957973, 1150, 27005.8162817052, 157, 101978.498026922, 205, 79503.0958214728, 15, 1231429.147253, 5781, 16573.0815829994, -134.870126816994, 49416, 3236.37660526561, 4145, 18012.7891161974, 8469, 3268.8790071626, 350, 20519.3097875165, 91724, 5608.71338935505, 4345, 21252.6502932051, 296, 236252.84899211, 224044, 4241.49130701407, 50417, 1187.84801815112, 43218, 19222.4913152632, 3147, 21107.4290257013, 116, 185717.785762228, 23, 184255.844285219, None, 211, 41706.9891681621), (34201758, 34240170, 1068412, 'BLOCK2020_ID', 3971962, 24385, 0.0, 29, 29009, 29009960401, 290099604011, 290099604011035, 5369389, 24385, 0.0, 29, 29009, 29009960401, 290099604011, 290099604011185, 21417, 21418, 65745, 'Seligman', 'MO', 75.0899963378906, 38053, '2013/01/18 07:07:59', 'AR,MO', 110702080101, 'Headwaters Big Sugar Creek', 'S', 'TF', 110702080102, 0, 11, 1107, 110702, 11070208, 1107020801, 90.01, -10455545.8573, 3774391.2548, 71135536, 114744308, None, 71135536, 114744308, 64880.8073602237, 1872, 24253, None, 0.0822658464312553, 7, 241379.191071951, 198, 130433.002297211, 39067, 16253.3551646014, 265, 107247.563905315, 509, 107247.563905315, 1, 325844.012310207, 16410, 2367.04614870068, 40, 325844.012310207, 134, 193443.350568071, 19, 318306.369883116, 53, 370159.9022745, 1150, 18977.5224471798, 157, 95388.521363795, 205, 86807.709748929, 15, 1239431.89888262, 5781, 23024.7132699545, -149.317178257146, 73260, 57.1591608685171, 4145, 10977.0247521681, 8420, 6344.1712241503, 350, 16331.9924663772, 91724, 6553.72736417788, 4324, 18406.102874078, 296, 238620.866814906, 124388, 1097.39052276321, 5486, 1882.94113666676, 31556, 16257.5395821122, 3147, 27805.4207389988, 116, 193549.677906458, 23, 192091.24153397, None, 211, 45832.0528599504)]","Here is a summary of the features and values provided:

- **F_MineMnrl (Mining Minerals Facility):** This feature indicates the presence of a mining minerals facility. The value is 1150, which might represent a binary flag (1 for presence and 0 for absence) or a specific quantity related to the facility. The relevance score is 0.558889.

- **D_MineMnrl (Distance to Mining Minerals Facility):** Represents the distance to the nearest mining minerals facility, with a value of 23358.67 units (possibly in meters or kilometers). The relevance score associated with this feature is 0.524795.

- **F_FeMines (Ferroalloy Mines):** A flag suggesting the existence of ferroalloy mines, with a value of 1, likely indicating presence. The relevance score for this feature is 0.467551.

The summary provides an overview of the fetched features, their meanings, and the associated values and relevance scores."
command-r-plus-08-2024,1,all-MiniLM-L6-v2,3,47.03365003,prompt3_topK3_logfile.txt,Child care facility in Columbia,"[(65387097, 65425505, 59424130, 'WMR-3141', 2228745, 2249978, 1.0, 17, 17133, 17133600102, 171336001022, 171336001022017, 3009012, 1358229, 1.0, 17, 17133, 17133600102, 171336001022, 171336001022137, 20072, 20073, 62236, 'Columbia', 'IL', 61.0800018310547, 9358, '2013/01/18 07:08:17', 'IL,MO', 71401010507, 'Palmer Creek-Mississippi River', 'S', 'KA,LE,PS', 71401010603, 0, 7, 714, 71401, 7140101, 714010105, 127.38, -10050317.6478, 3946668.3548, 97978994, 54304018, None, 97978994, 54304018, 67261.1074503607, 610, 5878, None, 0.332046359777451, 36, 8079.96754474301, 95, 40219.9658573121, 107695, 2389.125482725, 141, 22895.2376618099, 385, 22895.2376618099, 25, 96478.0527969101, 20509, 2758.87789336907, 4, 19778.3808044636, 129, 40382.6196578707, 136, 17870.124211446, 70, 17864.7589881849, 619, 47127.5523522514, 84, 18866.4056435042, 204, 144856.923907043, 130, 1589270.51730288, 2460, 11044.6676335603, -178.803409506088, 59376, 1517.71946771786, 4895, 7269.6019681518, 24973, 5644.40013766148, 1962, 16676.1930979341, 8471, 2259.15526177144, 5268, 8196.73840029547, 93, 12852.6004634741, 154269, 2413.93741921227, 16032, 4466.37487028776, 43193, 2010.59186504005, 9000, 6600.24957937018, 110, 40764.119007516, 66, 38846.1192981047, None, 338, 3587.73021342144), (69457278, 69495686, 60445737, 'VBM-3035', 3981958, 248290, 1.0, 29, 29019, 29019001702, 290190017021, 290190017021078, 5384532, 248290, 1.0, 29, 29019, 29019001702, 290190017021, 290190017021079, 21182, 21183, 65203, 'Columbia', 'MO', 73.6399993896484, 63777, '2013/01/18 07:08:30', 'MO', 103001020903, 'Little Bonne Femme Creek-Missouri River', 'S', 'KA', 103001020904, 0, 10, 1030, 103001, 10300102, 1030010209, 106.63, -10283703.0954, 3976069.8304, 96523604, 55325625, None, 96523604, 55325625, 67261.1074501012, 7941, 21514, None, 0.0377761498093605, 6, 29308.6202268232, 142, 46847.0551755152, 75004, 8475.54193646889, 310, 124599.785036808, 554, 124599.785036808, 1, 173394.505409054, 16361, 9013.54956073183, 40, 173394.505409054, 129, 245954.910053608, 16, 169256.496655236, 53, 220033.0269815, 522, 49532.186604826, 4, 147683.299653604, 128, 169093.246942193, 130, 1355134.66655962, 4275, 23743.3592611941, 54.2851270826823, 69390, 4530.07230016962, 11417, 14317.6370892053, 25969, 4823.7390489181, 339, 14860.2080869923, 56198, 8654.0326343204, 122, 11656.4933104204, 94, 224412.535448492, 223452, 7683.29792869918, 20408, 1949.96396816305, 40966, 14697.5421321442, 1534, 19096.3581843111, 110, 256745.103626311, 66, 253245.48434892, None, 538, 13767.7160796903), (69457279, 69495687, 60445738, 'VBO-3035', 3982074, 326133, 0.0, 29, 29019, 29019001702, 290190017023, 290190017023076, 5384716, 285474, 0.0, 29, 29019, 29019001702, 290190017022, 290190017022137, 21182, 21183, 65203, 'Columbia', 'MO', 73.6399993896484, 63776, '2013/01/18 07:08:30', 'MO', 103001020902, 'Bonne Femme Creek', 'S', 'KA', 103001020903, 0, 10, 1030, 103001, 10300102, 1030010209, 136.98, -10283220.3954, 3976069.8304, 96523621, 55325626, None, 96523621, 55325626, 67261.1074501012, 7714, 21391, None, 0.0408360958099365, 6, 28917.8731432835, 142, 47329.7465293408, 75004, 8615.12435838163, 310, 124177.411689685, 554, 124177.411689685, 1, 173007.974975001, 16361, 8806.37589302385, 40, 173007.974975001, 129, 245472.536054663, 16, 168855.084630669, 53, 219620.958922854, 522, 49060.9505041396, 4, 147323.050231121, 128, 168800.401039863, 130, 1355604.67725652, 4275, 23464.8554026725, 55.2421490665586, 69390, 4401.87310437195, 6765, 14210.2687219838, 25969, 4886.98867869734, 339, 14771.6312444873, 56198, 8808.32385664814, 122, 11588.1013002966, 94, 223929.927602678, 223452, 7533.06409742257, 20408, 1783.58040094452, 40966, 14385.1495176962, 1534, 18929.4762496397, 110, 256262.463140148, 66, 252762.865472609, None, 538, 13575.7266162312), (69458712, 69497120, 60450533, 'VBN-3035', 3982074, 326133, 0.0, 29, 29019, 29019001702, 290190017023, 290190017023076, 5384716, 285474, 0.0, 29, 29019, 29019001702, 290190017022, 290190017022137, 21182, 21183, 65203, 'Columbia', 'MO', 73.6399993896484, 63776, '2013/01/18 07:08:30', 'MO', 103001020902, 'Bonne Femme Creek', 'S', 'KA', 103001020903, 0, 10, 1030, 103001, 10300102, 1030010209, 136.98, -10283461.7454, 3976209.1738, 96523611, 55330421, None, 96523611, 55330421, 67261.1074503607, 7702, 21229, None, 0.0439984127879143, 6, 29194.9286205515, 142, 47089.440992367, 75004, 8408.92002346237, 310, 124456.056797572, 554, 124456.056797572, 1, 173284.679004883, 16361, 8781.65151630726, 40, 173284.679004883, 129, 245708.642013255, 16, 169133.165551733, 53, 219899.560458716, 522, 49266.5409370249, 4, 147410.379270054, 128, 168835.966080805, 130, 1355337.93746888, 4275, 23489.6129899472, 54.5647035328501, 69390, 4331.64169151809, 6765, 14163.1986044435, 25969, 4711.3611916236, 339, 14677.0656113408, 56198, 8596.2702187177, 122, 11481.921332271, 94, 224173.997463345, 223452, 7472.43280951059, 20408, 1997.57596278723, 40966, 14434.2427033674, 1534, 18880.8802828104, 110, 256501.633140196, 66, 253001.658659624, None, 538, 13542.1972606525), (69458713, 69497121, 60450534, 'VBP-3035', 3982074, 326133, 0.0, 29, 29019, 29019001702, 290190017023, 290190017023076, 5384716, 285474, 0.0, 29, 29019, 29019001702, 290190017022, 290190017022137, 21182, 21183, 65203, 'Columbia', 'MO', 73.6399993896484, 63776, '2013/01/18 07:08:30', 'MO', 103001020902, 'Bonne Femme Creek', 'S', 'KA', 103001020903, 0, 10, 1030, 103001, 10300102, 1030010209, 136.98, -10282979.0454, 3976209.1738, 96523614, 55330422, None, 96523614, 55330422, 67261.1074501012, 7483, 21109, None, 0.046531155705452, 6, 28806.6836685499, 142, 47572.1218801272, 75004, 8563.20569906705, 310, 124034.133268309, 554, 124034.133268309, 1, 172898.576847859, 16361, 8582.45788392294, 40, 172898.576847859, 129, 245226.258661091, 16, 168732.150565522, 53, 219487.772608813, 522, 48795.1269052936, 4, 147050.25348042, 128, 168543.364365061, 130, 1355807.96362531, 4275, 23213.0835472077, 55.5354891257372, 69390, 4203.42605578105, 6765, 13998.8136500776, 25969, 4800.42951219983, 339, 14595.3608891317, 56198, 8764.88159024061, 122, 11422.6867338869, 94, 223691.395783801, 223452, 7333.77385916463, 20408, 1831.19239556719, 40966, 14124.274977145, 1534, 18718.3015983278, 110, 256018.988712649, 66, 252519.035129265, None, 538, 13355.6899126961)]","- **D_ChldCare (Distance to Child Care facility):** The value is 2389.13 units with a relevance score of 0.53.
- **F_ChldCare (Flag for Child Care facility presence):** The value is 107695, indicating the presence or availability of a child care facility with a relevance of 0.41.
- **UrgCareEDist (Distance to Urgent Care facilities):** The value is listed as 'None', suggesting that the distance is not applicable or available, with a relevance score of 0.35."
command-r-plus-08-2024,1,all-MiniLM-L6-v2,3,31.32496879,prompt4_topK3_logfile.txt,"Find public health facilities within 50 km of Columbia, Missouri.","[('Columbia', 'MO', 65203)]","The data provided contains information about various healthcare facility distances and their respective relevance scores:

- **UrgCareEDist (relevance: 0.490319)**: This refers to the Euclidean distance to Urgent Care facilities, but the actual distance value is not available (N/A).

- **D_PubHealth (relevance: 0.480060)**: Represents the distance to the nearest Public Health facility, though the distance value is also N/A.

- **DIST_VHA (relevance: 0.434553)**: Indicates the distance to a Veteran Health Administration facility, and similarly, the distance is not provided.

The relevance scores suggest that these facilities' proximity is considered important, but the specific distance values are missing in this particular dataset."
command-r-plus-08-2024,1,all-MiniLM-L6-v2,3,47.70729836,prompt5_topK3_logfile.txt,Which region shows the lowest average distance to hospitals?,"[(3, 'Turkey Creek-Kansas River', 'KS,MO'), (11, 'Coon Creek-Elk Fork Salt River', 'MO'), (14, 'Ditch Number 4', 'MO'), (14, 'McCoy Creek', 'MO'), (18, 'Little Sni-A-Bar Creek-Missouri River', 'MO')]","This text provides information about various healthcare-related features and their associated Euclidean distances:

- **UrgCareEDist**: Refers to the Euclidean distance to Urgent Care facilities with a relevance score of 0.521916. The value is not available (N/A).
- **HospEDist**: Represents the Euclidean distance to Hospitals, with a relevance score of 0.515089. The value is also N/A.
- **D_PubHealth**: Measures the distance to a Public Health facility, carrying a relevance score of 0.488370. This value is N/A as well."
command-r-plus-08-2024,1,all-MiniLM-L6-v2,3,26.21105224,prompt6_topK3_logfile.txt,List attributes for the 2 objects near Miscellaneous Industry.,[],"The data provides information about three features related to the Miscellaneous Industry:

- **D_MiscInd (Distance to Miscellaneous Industry):** This feature indicates the distance or proximity to the Miscellaneous Industry. Its relevance score is 0.352646, but the value is currently N/A (Not Available).
- **Name:** The name of the feature or area has a relevance score of 0.322660, but the actual name is not provided and is marked as N/A.
- **F_MiscInd (Flag for Miscellaneous Industry):** A flag indicating the presence or absence of the Miscellaneous Industry, with a relevance score of 0.289155. However, the value is N/A.

These features seem to be part of a dataset where relevance scores are assigned to different industry-related attributes, but specific values for these features are missing or unavailable."