LLM_model,temperature,encoder,top_k,seconds,generation_num,logfile_name,prompt,generated_direct_answer,generated_summary_with_recommendations
command-r-plus-08-2024,1,all-MiniLM-L6-v2,5,47.83090234,0,prompt0_generation0_logfile.txt,Which object is closest to VHA?,"[(65422274, 65460682, 59552265, 'WMR-3128', 4177270, 365055, 0.0, 29, 29189, 29189220300, 291892203001, 291892203001073, 5643642, 175626, 0.0, 29, 29189, 29189220300, 291892203001, 291892203001124, 20554, 20555, 63125, 'Saint Louis', 'MO', 10.710000038147, 9358, '2013/01/18 07:08:17', 'IL,MO', 71401010507, 'Palmer Creek-Mississippi River', 'S', 'KA,LE,PS', 71401010603, 0, 7, 714, 71401, 7140101, 714010105, 127.38, -10050317.6478, 3950291.2854, 97979263, 54432153, None, 97979263, 54432153, 76951.3692146028, 946, 75, None, 0.450821965932846, 36, 11344.9426050618, 95, 37397.3330384658, 74808, 418.680963791317, 141, 26079.9239267857, 385, 26079.9239267857, 25, 99688.0135118287, 20509, 3233.92671088034, 4, 22927.9103043373, 129, 36951.5817538844, 136, 15470.7433413195, 70, 15463.3590419299, 619, 50746.212333913, 84, 15249.0646236172, 204, 147409.654874004, 130, 1588503.64926968, 2429, 9733.87052712364, 48.4854372059843, 59376, 3148.45548164055, 4895, 9887.81143217975, 8715, 4703.30554144484, 1918, 14620.4901136569, 36329, 286.316896390808, 5268, 8475.04993783753, 93, 9477.18970756049, 153116, 952.149270128014, 16032, 1876.04658467766, 43616, 985.064446976385, 9000, 3170.73714733437, 110, 37849.9048013648, 66, 35779.273782893, None, 338, 35.2747679497562), (65555996, 65594404, 2438475, 'BLOCK2020_ID', 4214706, 54757, 0.0, 29, 29510, 29510119300, 295101193001, 295101193001014, 5698663, 54757, 0.0, 29, 29510, 29510119300, 295101193001, 295101193001018, 20537, 20538, 63108, 'Saint Louis', 'MO', 2.25999999046326, 100789, '2020/06/18 09:08:18', 'IL,MO', 71401010403, 'Schoenberger Creek-Mississippi River', 'S', 'KA,LE,TF,RS', 71401010507, 0, 7, 714, 71401, 7140101, 714010104, 189.03, -10044529.8603, 3963130.5669, 98024009, 116114371, None, 98024009, 116114371, 20425.1336493976, 859, 71, None, 0.729472696781158, 35, 4499.42861527981, 95, 24201.0738948021, 72135, 329.072078996668, 141, 40156.4027067289, 385, 40156.4027067289, 25, 113756.039375606, 20519, 1369.84145544585, 4, 36999.2099263277, 129, 22942.8962394015, 136, 7548.14670026854, 70, 7534.33310002273, 1453, 63723.1703614697, 84, 7138.28713777661, 204, 153030.182357505, 130, 1591517.51233032, 2436, 4528.91793362574, 31.9092686008675, 34583, 1244.35487016358, 9435, 1712.79280503105, 25026, 1253.79919448805, 1918, 3390.58961821024, 96161, 176.154288738143, 125, 386.95620519041, 93, 1192.82098170145, 153659, 276.47967523098, 4213, 172.586527787808, 60497, 61.4613975509781, 986, 1398.59061932884, 110, 24403.722500891, 66, 22006.2894451534, None, 352, 37.071189408558), (65014488, 65052896, 2371596, 'BLOCK2020_ID', 3995599, 11162, 0.0, 29, 29029, 29029950500, 290299505003, 290299505003020, 5402811, 18902, 0.0, 29, 29029, 29029950500, 290299505003, 290299505003023, 21131, 21132, 65020, 'Camdenton', 'MO', 132.979995727539, 63096, '2013/01/18 07:08:30', 'MO', 102901090401, 'Linn Creek-Lake of the Ozarks', 'S', 'KA', 102901090406, 0, 10, 1029, 102901, 10290109, 1029010904, 149.46, -10323774.0617, 3908179.6269, 71839914, 116047492, None, 71839914, 116047492, 16855.7888637166, 2418, 16598, None, 0.23798693716526, 6, 81412.3560359314, 142, 67947.004425232, 95363, 129.353258450372, 716, 148882.320382626, 216, 148882.320382626, 1, 182561.401461128, 15762, 693.16309537192, 40, 182561.401461128, 129, 296027.975846949, 15, 182561.401461128, 53, 232686.277008619, 623, 23832.4779149583, 157, 94439.1862040746, 205, 232318.49917053, 130, 1333708.05705749, 2432, 15997.4355469788, -72.7253818611012, 79366, 1164.97878024812, 4892, 13618.929835193, 8210, 2038.69369252203, 995, 3360.27448655541, 7861, 602.928201163009, 682, 869.657949308044, 296, 225447.723284813, 161473, 489.405582679722, 11779, 1128.72991409478, 15793, 1903.3997226067, 11006, 88219.3550849906, 110, 305373.902451187, 66, 301978.236763244, None, 520, 41.9608071763155), (43554502, 43592914, 1241261, 'BLOCK2020_ID', 4074679, 18483, 0.0, 29, 29095, 29095017800, 290950178004, 290950178004012, 5505990, 18483, 0.0, 29, 29095, 29095017800, 290950178002, 290950178002014, 20876, 20877, 64111, 'Kansas City', 'MO', 2.65000009536743, 60934, '2013/01/18 07:08:21', 'KS,MO', 103001010105, 'Brush Creek-Blue River', 'S', 'NM', 103001010106, 0, 10, 1030, 103001, 10300101, 1030010101, 153.24, -10528783.2465, 3999507.3864, 91105263, 114917157, None, 91105263, 114917157, 12103.3893433012, 140, 2454, None, 0.261260211467743, 7, 4650.30024006825, 146, 5827.76172537841, 54521, 296.15568028604, 705, 7592.95736643707, 205, 7592.95736643707, 28, 227563.771171488, 16185, 1685.95460465111, 24, 227563.771171488, 134, 209919.905435091, 16, 403349.237125788, 53, 454419.131880259, 1117, 44671.8345639125, 61, 171999.136649623, 205, 189173.218910529, 130, 1111650.2044946, 4268, 9756.02347150562, 5.93872000000664, 58120, 1114.9959049011, 9472, 2266.50111821921, 8345, 2319.78771943599, 638, 2107.81064398074, 57607, 263.992454481229, 1690, 928.538626831144, 296, 1921.948994323, 156960, 139.437696291396, 18505, 1703.92009645872, 60496, 1643.55142860535, 3520, 2087.78603087011, 116, 209740.657977897, 23, 208478.991731988, None, 463, 42.1060984321734), (70622630, 70661038, 2750284, 'BLOCK2020_ID', 3965071, 4629, 0.0, 29, 29001, 29001950502, 290019505022, 290019505022043, 5359996, 4629, 0.0, 29, 29001, 29001950500, 290019505003, 290019505003046, 20657, 20658, 63501, 'Kirksville', 'MO', 206.220001220703, 62957, '2013/01/18 07:08:29', 'MO', 71100050108, 'Upper Bear Creek', 'S', 'NM', 71100050109, 0, 7, 711, 71100, 7110005, 711000501, 117.0, -10305127.8411, 4095721.5642, 96761368, 116426180, None, 96761368, 116426180, 9751.12956440323, 4747, 2132, None, 0.397268265485764, 6, 144012.827853346, 149, 64888.0011490502, 12039, 900.677659459827, 609, 104615.990708012, 109, 104615.990708012, 28, 175216.886938004, 16784, 1549.3933713906, 24, 175216.886938004, 25, 188814.568818243, 16, 268190.053104884, 54, 295233.053899255, 1204, 66577.3837351525, 4, 133489.74674585, 128, 125024.716048494, 130, 1311771.84111906, 4273, 38409.6436667714, -84.0464153343544, 61303, 1349.39500642241, 4886, 3532.60676732306, 9302, 1368.42437105064, 338, 1734.67433139653, 5616, 713.521255058648, 2083, 602.165251996395, 296, 241808.253067098, 220210, 465.979700994167, 58809, 698.408581890587, 6996, 832.851097928688, 4174, 42779.7750906777, 110, 301213.856582443, 66, 297738.962237981, None, 922, 52.6768195647446)]","Here is a summary of the fetched features and their corresponding values:

- **DIST_VHA (Distance to Veteran Health Administration Facility)**: This feature has a relevance score of 0.651782 and a value of 35.2747679497562.

- **D_PubHealth (Distance to Public Health Facility)**: The relevance is 0.496496, and the distance is approximately 14620.4901136569 units.

- **FID_VHA (Feature Identifier for Veteran Health Administration Facility)**: With a relevance score of 0.463046, the identifier is 338.

- **UrgCareEDist (Euclidean Distance to Urgent Care Facilities)**: The relevance is 0.418978, but the value is listed as None.

- **HospEDist (Euclidean Distance to Hospitals)**: The distance to hospitals is 75 units, with a relevance score of 0.380850."
command-r-plus-08-2024,1,all-MiniLM-L6-v2,5,118.6898994,1,prompt0_generation1_logfile.txt,Which object is closest to VHA?,"[(65422274, 65460682, 59552265, 'WMR-3128', 4177270, 365055, 0.0, 29, 29189, 29189220300, 291892203001, 291892203001073, 5643642, 175626, 0.0, 29, 29189, 29189220300, 291892203001, 291892203001124, 20554, 20555, 63125, 'Saint Louis', 'MO', 10.710000038147, 9358, '2013/01/18 07:08:17', 'IL,MO', 71401010507, 'Palmer Creek-Mississippi River', 'S', 'KA,LE,PS', 71401010603, 0, 7, 714, 71401, 7140101, 714010105, 127.38, -10050317.6478, 3950291.2854, 97979263, 54432153, None, 97979263, 54432153, 76951.3692146028, 946, 75, None, 0.450821965932846, 36, 11344.9426050618, 95, 37397.3330384658, 74808, 418.680963791317, 141, 26079.9239267857, 385, 26079.9239267857, 25, 99688.0135118287, 20509, 3233.92671088034, 4, 22927.9103043373, 129, 36951.5817538844, 136, 15470.7433413195, 70, 15463.3590419299, 619, 50746.212333913, 84, 15249.0646236172, 204, 147409.654874004, 130, 1588503.64926968, 2429, 9733.87052712364, 48.4854372059843, 59376, 3148.45548164055, 4895, 9887.81143217975, 8715, 4703.30554144484, 1918, 14620.4901136569, 36329, 286.316896390808, 5268, 8475.04993783753, 93, 9477.18970756049, 153116, 952.149270128014, 16032, 1876.04658467766, 43616, 985.064446976385, 9000, 3170.73714733437, 110, 37849.9048013648, 66, 35779.273782893, None, 338, 35.2747679497562), (65555996, 65594404, 2438475, 'BLOCK2020_ID', 4214706, 54757, 0.0, 29, 29510, 29510119300, 295101193001, 295101193001014, 5698663, 54757, 0.0, 29, 29510, 29510119300, 295101193001, 295101193001018, 20537, 20538, 63108, 'Saint Louis', 'MO', 2.25999999046326, 100789, '2020/06/18 09:08:18', 'IL,MO', 71401010403, 'Schoenberger Creek-Mississippi River', 'S', 'KA,LE,TF,RS', 71401010507, 0, 7, 714, 71401, 7140101, 714010104, 189.03, -10044529.8603, 3963130.5669, 98024009, 116114371, None, 98024009, 116114371, 20425.1336493976, 859, 71, None, 0.729472696781158, 35, 4499.42861527981, 95, 24201.0738948021, 72135, 329.072078996668, 141, 40156.4027067289, 385, 40156.4027067289, 25, 113756.039375606, 20519, 1369.84145544585, 4, 36999.2099263277, 129, 22942.8962394015, 136, 7548.14670026854, 70, 7534.33310002273, 1453, 63723.1703614697, 84, 7138.28713777661, 204, 153030.182357505, 130, 1591517.51233032, 2436, 4528.91793362574, 31.9092686008675, 34583, 1244.35487016358, 9435, 1712.79280503105, 25026, 1253.79919448805, 1918, 3390.58961821024, 96161, 176.154288738143, 125, 386.95620519041, 93, 1192.82098170145, 153659, 276.47967523098, 4213, 172.586527787808, 60497, 61.4613975509781, 986, 1398.59061932884, 110, 24403.722500891, 66, 22006.2894451534, None, 352, 37.071189408558), (65014488, 65052896, 2371596, 'BLOCK2020_ID', 3995599, 11162, 0.0, 29, 29029, 29029950500, 290299505003, 290299505003020, 5402811, 18902, 0.0, 29, 29029, 29029950500, 290299505003, 290299505003023, 21131, 21132, 65020, 'Camdenton', 'MO', 132.979995727539, 63096, '2013/01/18 07:08:30', 'MO', 102901090401, 'Linn Creek-Lake of the Ozarks', 'S', 'KA', 102901090406, 0, 10, 1029, 102901, 10290109, 1029010904, 149.46, -10323774.0617, 3908179.6269, 71839914, 116047492, None, 71839914, 116047492, 16855.7888637166, 2418, 16598, None, 0.23798693716526, 6, 81412.3560359314, 142, 67947.004425232, 95363, 129.353258450372, 716, 148882.320382626, 216, 148882.320382626, 1, 182561.401461128, 15762, 693.16309537192, 40, 182561.401461128, 129, 296027.975846949, 15, 182561.401461128, 53, 232686.277008619, 623, 23832.4779149583, 157, 94439.1862040746, 205, 232318.49917053, 130, 1333708.05705749, 2432, 15997.4355469788, -72.7253818611012, 79366, 1164.97878024812, 4892, 13618.929835193, 8210, 2038.69369252203, 995, 3360.27448655541, 7861, 602.928201163009, 682, 869.657949308044, 296, 225447.723284813, 161473, 489.405582679722, 11779, 1128.72991409478, 15793, 1903.3997226067, 11006, 88219.3550849906, 110, 305373.902451187, 66, 301978.236763244, None, 520, 41.9608071763155), (43554502, 43592914, 1241261, 'BLOCK2020_ID', 4074679, 18483, 0.0, 29, 29095, 29095017800, 290950178004, 290950178004012, 5505990, 18483, 0.0, 29, 29095, 29095017800, 290950178002, 290950178002014, 20876, 20877, 64111, 'Kansas City', 'MO', 2.65000009536743, 60934, '2013/01/18 07:08:21', 'KS,MO', 103001010105, 'Brush Creek-Blue River', 'S', 'NM', 103001010106, 0, 10, 1030, 103001, 10300101, 1030010101, 153.24, -10528783.2465, 3999507.3864, 91105263, 114917157, None, 91105263, 114917157, 12103.3893433012, 140, 2454, None, 0.261260211467743, 7, 4650.30024006825, 146, 5827.76172537841, 54521, 296.15568028604, 705, 7592.95736643707, 205, 7592.95736643707, 28, 227563.771171488, 16185, 1685.95460465111, 24, 227563.771171488, 134, 209919.905435091, 16, 403349.237125788, 53, 454419.131880259, 1117, 44671.8345639125, 61, 171999.136649623, 205, 189173.218910529, 130, 1111650.2044946, 4268, 9756.02347150562, 5.93872000000664, 58120, 1114.9959049011, 9472, 2266.50111821921, 8345, 2319.78771943599, 638, 2107.81064398074, 57607, 263.992454481229, 1690, 928.538626831144, 296, 1921.948994323, 156960, 139.437696291396, 18505, 1703.92009645872, 60496, 1643.55142860535, 3520, 2087.78603087011, 116, 209740.657977897, 23, 208478.991731988, None, 463, 42.1060984321734), (70622630, 70661038, 2750284, 'BLOCK2020_ID', 3965071, 4629, 0.0, 29, 29001, 29001950502, 290019505022, 290019505022043, 5359996, 4629, 0.0, 29, 29001, 29001950500, 290019505003, 290019505003046, 20657, 20658, 63501, 'Kirksville', 'MO', 206.220001220703, 62957, '2013/01/18 07:08:29', 'MO', 71100050108, 'Upper Bear Creek', 'S', 'NM', 71100050109, 0, 7, 711, 71100, 7110005, 711000501, 117.0, -10305127.8411, 4095721.5642, 96761368, 116426180, None, 96761368, 116426180, 9751.12956440323, 4747, 2132, None, 0.397268265485764, 6, 144012.827853346, 149, 64888.0011490502, 12039, 900.677659459827, 609, 104615.990708012, 109, 104615.990708012, 28, 175216.886938004, 16784, 1549.3933713906, 24, 175216.886938004, 25, 188814.568818243, 16, 268190.053104884, 54, 295233.053899255, 1204, 66577.3837351525, 4, 133489.74674585, 128, 125024.716048494, 130, 1311771.84111906, 4273, 38409.6436667714, -84.0464153343544, 61303, 1349.39500642241, 4886, 3532.60676732306, 9302, 1368.42437105064, 338, 1734.67433139653, 5616, 713.521255058648, 2083, 602.165251996395, 296, 241808.253067098, 220210, 465.979700994167, 58809, 698.408581890587, 6996, 832.851097928688, 4174, 42779.7750906777, 110, 301213.856582443, 66, 297738.962237981, None, 922, 52.6768195647446)]","Here is a summary of the fetched features and their corresponding values:

- DIST_VHA (Distance to Veteran Health Administration facility): The distance is 35.27 units with a relevance score of 0.57.
- FID_VHA (Feature identifier for Veteran Health Administration facility): The identifier is 338, and it has a relevance score of 0.46.
- UrgCareEDist (Euclidean distance to Urgent Care facilities): No value is available for this feature.
- D_PubHealth (Distance to Public Health facility): The distance is 14620.5 units, with a relevance of 0.38.
- HospEDist (Euclidean distance to Hospitals): This feature has a value of 75 with a relevance score of 0.31."
command-r-plus-08-2024,1,all-MiniLM-L6-v2,5,41.32677889,2,prompt0_generation2_logfile.txt,Which object is closest to VHA?,"[(65422274, 65460682, 59552265, 'WMR-3128', 4177270, 365055, 0.0, 29, 29189, 29189220300, 291892203001, 291892203001073, 5643642, 175626, 0.0, 29, 29189, 29189220300, 291892203001, 291892203001124, 20554, 20555, 63125, 'Saint Louis', 'MO', 10.710000038147, 9358, '2013/01/18 07:08:17', 'IL,MO', 71401010507, 'Palmer Creek-Mississippi River', 'S', 'KA,LE,PS', 71401010603, 0, 7, 714, 71401, 7140101, 714010105, 127.38, -10050317.6478, 3950291.2854, 97979263, 54432153, None, 97979263, 54432153, 76951.3692146028, 946, 75, None, 0.450821965932846, 36, 11344.9426050618, 95, 37397.3330384658, 74808, 418.680963791317, 141, 26079.9239267857, 385, 26079.9239267857, 25, 99688.0135118287, 20509, 3233.92671088034, 4, 22927.9103043373, 129, 36951.5817538844, 136, 15470.7433413195, 70, 15463.3590419299, 619, 50746.212333913, 84, 15249.0646236172, 204, 147409.654874004, 130, 1588503.64926968, 2429, 9733.87052712364, 48.4854372059843, 59376, 3148.45548164055, 4895, 9887.81143217975, 8715, 4703.30554144484, 1918, 14620.4901136569, 36329, 286.316896390808, 5268, 8475.04993783753, 93, 9477.18970756049, 153116, 952.149270128014, 16032, 1876.04658467766, 43616, 985.064446976385, 9000, 3170.73714733437, 110, 37849.9048013648, 66, 35779.273782893, None, 338, 35.2747679497562)]
","Here's a summary of the fetched features and their corresponding values:

- **DIST_VHA**: Distance to the Veteran Health Administration facility is 35.27 units (relevance score: 0.60).
- **FID_VHA**: The feature identifier for the Veteran Health Administration facility is 338 (relevance score: 0.49).
- **D_PubHealth**: Distance to the Public Health facility is 14620.49 units (relevance score: 0.38).
- **UrgCareEDist**: Euclidean distance to Urgent Care facilities is not available or not applicable (relevance score: 0.32).
- **F_PubHealth**: Flag indicating the presence of a Public Health facility has a value of 1918 (relevance score: 0.31).
"
command-r-plus-08-2024,1,all-MiniLM-L6-v2,5,56.40444491,0,prompt1_generation0_logfile.txt,Return an object with the highest number of Oil Refineries around it.,"[(62514243, 62552651, 53533251, 'UPM-3759', 4196578, 4072363, 0.0, 29, 29213, 29213480302, 292134803021, 292134803021058, 5671154, 10999073, 0.0, 29, 29213, 29213480302, 292134803022, 292134803022156, 21373, 21374, 65679, 'Kirbyville', 'MO', 55.0200004577637, 55787, '2017/10/06 14:59:04', 'AR,MO', 110100030503, 'Bee Creek-Bull Shoals Lake', 'S', 'KA,RS,TF', 110100030504, 0, 11, 1101, 110100, 11010003, 1101000305, 95.03, -10359004.2946, 3774300.4626, 71278010, 48413139, None, 71278010, 48413139, 67261.121383978, 10890, 27961, None, 0.0172122120857239, 0, 184118.286118651, 7, 184491.083310853, 93151, 16173.1704602431, 212, 96036.4972207199, 456, 96036.4972207199, 1, 235597.949096482, 16521, 1706.31214990773, 40, 235597.949096482, 217, 238838.558703531, 19, 225811.89948507, 53, 277297.439124213, 1569, 71606.8588631183, 157, 61097.237949097, 102, 162631.078617814, 15, 1334826.79711273, 5785, 23107.5250473068, -102.665698654756, 35037, 5903.81896551959, 5711, 16137.2233529882, 12528, 9600.38799855711, 1069, 19032.394390773, 52559, 14596.4714673451, 4561, 21986.7015500794, 63, 179790.54616737, 143805, 9595.65442453941, 5493, 430.606305407413, 33623, 16817.5536374496, 4178, 58791.8555811356, 142, 287992.53927808, 23, 286569.933903682, None, 863, 24022.2738053429)]
","The text provides information about various features related to oil refineries and used oil recycling facilities:

- **D_OilRef**: Represents the distance to the nearest Oil Refinery, which is approximately 287,992.54 units (relevance score: 0.447129).
- **D_UrnVandD**: Refers to the distance to a Used Oil Recycling/Disposal facility, measuring about 1,334,826.79 units (relevance score: 0.445200).
- **D_OilRefPl**: Indicates the distance to an Oil Refinery Pipeline, which is roughly 286,569.93 units (relevance score: 0.403594).
- **F_OilRef**: A flag denoting the presence of an Oil Refinery, with a value of 142 (relevance score: 0.388543).
- **F_UrnVandD**: Flag signifying the existence of a Used Oil Recycling/Disposal facility, having a value of 15 (relevance score: 0.376188).

These features seem to be part of a geographic or environmental dataset, providing distances and indications of specific industrial facilities. The relevance scores associated with each feature may indicate their importance or correlation with other data points."
command-r-plus-08-2024,1,all-MiniLM-L6-v2,5,88.3051127,1,prompt1_generation1_logfile.txt,Return an object with the highest number of Oil Refineries around it.,"[[(62514243, 62552651, 53533251, 'UPM-3759', 4196578, 4072363, 0.0, 29, 29213, 29213480302, 292134803021, 292134803021058, 5671154, 10999073, 0.0, 29, 29213, 29213480302, 292134803022, 292134803022156, 21373, 21374, 65679, 'Kirbyville', 'MO', 55.0200004577637, 55787, '2017/10/06 14:59:04', 'AR,MO', 110100030503, 'Bee Creek-Bull Shoals Lake', 'S', 'KA,RS,TF', 110100030504, 0, 11, 1101, 110100, 11010003, 1101000305, 95.03, -10359004.2946, 3774300.4626, 71278010, 48413139, None, 71278010, 48413139, 67261.121383978, 10890, 27961, None, 0.0172122120857239, 0, 184118.286118651, 7, 184491.083310853, 93151, 16173.1704602431, 212, 96036.4972207199, 456, 96036.4972207199, 1, 235597.949096482, 16521, 1706.31214990773, 40, 235597.949096482, 217, 238838.558703531, 19, 225811.89948507, 53, 277297.439124213, 1569, 71606.8588631183, 157, 61097.237949097, 102, 162631.078617814, 15, 1334826.79711273, 5785, 23107.5250473068, -102.665698654756, 35037, 5903.81896551959, 5711, 16137.2233529882, 12528, 9600.38799855711, 1069, 19032.394390773, 52559, 14596.4714673451, 4561, 21986.7015500794, 63, 179790.54616737, 143805, 9595.65442453941, 5493, 430.606305407413, 33623, 16817.5536374496, 4178, 58791.8555811356, 142, 287992.53927808, 23, 286569.933903682, None, 863, 24022.2738053429),.. output truncated because it was too large]","The data describes various features related to the proximity and presence of oil-related facilities:

- **D_OilRef**: Distance to the nearest Oil Refinery, with a value of 287992.54 units.
- **D_UrnVandD**: Distance to the nearest Used Oil Recycling/Disposal facility, approximately 1334826.79 units away.
- **D_OilRefPl**: The distance to an Oil Refinery Pipeline is approximately 286569.93 units.
- **F_OilRef**: Flag indicating the presence of an Oil Refinery with a value of 142.
- **F_UrnVandD**: Flag representing the existence of a Used Oil Recycling/Disposal facility, with a value of 15.

The numbers in parentheses after each feature name indicate their respective relevance scores."
command-r-plus-08-2024,1,all-MiniLM-L6-v2,5,54.09022594,2,prompt1_generation2_logfile.txt,Return an object with the highest number of Oil Refineries around it.,"[(62514243, 62552651, 53533251, 'UPM-3759', 4196578, 4072363, 0.0, 29, 29213, 29213480302, 292134803021, 292134803021058, 5671154, 10999073, 0.0, 29, 29213, 29213480302, 292134803022, 292134803022156, 21373, 21374, 65679, 'Kirbyville', 'MO', 55.0200004577637, 55787, '2017/10/06 14:59:04', 'AR,MO', 110100030503, 'Bee Creek-Bull Shoals Lake', 'S', 'KA,RS,TF', 110100030504, 0, 11, 1101, 110100, 11010003, 1101000305, 95.03, -10359004.2946, 3774300.4626, 71278010, 48413139, None, 71278010, 48413139, 67261.121383978, 10890, 27961, None, 0.0172122120857239, 0, 184118.286118651, 7, 184491.083310853, 93151, 16173.1704602431, 212, 96036.4972207199, 456, 96036.4972207199, 1, 235597.949096482, 16521, 1706.31214990773, 40, 235597.949096482, 217, 238838.558703531, 19, 225811.89948507, 53, 277297.439124213, 1569, 71606.8588631183, 157, 61097.237949097, 102, 162631.078617814, 15, 1334826.79711273, 5785, 23107.5250473068, -102.665698654756, 35037, 5903.81896551959, 5711, 16137.2233529882, 12528, 9600.38799855711, 1069, 19032.394390773, 52559, 14596.4714673451, 4561, 21986.7015500794, 63, 179790.54616737, 143805, 9595.65442453941, 5493, 430.606305407413, 33623, 16817.5536374496, 4178, 58791.8555811356, 142, 287992.53927808, 23, 286569.933903682, None, 863, 24022.2738053429)]
","Here is a summary of the fetched features and their corresponding values:

- **Distance to Oil Refinery (D_OilRef)**: Relevance score of 0.498657. The distance value is approximately 287,992.54 units.

- **Distance to Used Oil Recycling/Disposal facility (D_UrnVandD)**: Relevance of 0.481722. The distance is approximately 1,334,826.79 units.

- **Distance to Oil Refinery Pipeline (D_OilRefPl)**: With a relevance score of 0.468882, the distance is around 286,569.93 units.

- **Flag indicating the presence of an Oil Refinery (F_OilRef)**: This feature has a relevance of 0.442003, and the flag value is 142.

- **Flag indicating the presence of a Used Oil Recycling/Disposal facility (F_UrnVandD)**: Relevance score of 0.417952. The flag value is 15.

These features seem to relate to distances and indicators of specific facilities, with associated relevance scores indicating their importance or impact."
command-r-plus-08-2024,1,all-MiniLM-L6-v2,5,92.10879547,0,prompt2_generation0_logfile.txt,Show the objects near a Nonferrous Metal Mine.,"[(34201748, 34240160, 1068392, 'BLOCK2020_ID', 375721, 1147, 0.0, 5, 5007, 5007020104, 50070201041, 50070201041012, 5369595, 6349726, 0.0, 29, 29009, 29009960401, 290099604012, 290099604012154, 21417, 21418, 65745, 'Seligman', 'MO', 75.0899963378906, 38053, '2013/01/18 07:07:59', 'AR,MO', 110702080101, 'Headwaters Big Sugar Creek', 'S', 'TF', 110702080102, 0, 11, 1107, 110702, 11070208, 1107020801, 90.01, -10459987.0556, 3774322.8433, 71135089, 114744288, None, 71135089, 114744288, 33960.9754588392, 5101, 26401, None, 0.12463503330946, 7, 240106.164511486, 198, 127443.961255088, 565, 16393.4502175163, 265, 103699.576931626, 509, 103699.576931626, 1, 330102.866912429, 16410, 3192.22693426998, 40, 330102.866912429, 134, 189166.860611329, 19, 322635.650551083, 53, 374493.531902259, 1150, 23358.6694500832, 157, 99008.3951625631, 205, 82817.4454917688, 15, 1235059.42450282, 5781, 19297.023521843, -142.748566858765, 73260, 1919.20672169401, 4145, 14662.9114610466, 8469, 3597.61254310722, 350, 18357.7070143644, 91724, 4446.74693387596, 4324, 20013.2154069464, 296, 237356.057860536, 125333, 3408.81921769406, 58989, 1828.38131684, 31556, 18392.9131880389, 3147, 23992.0499868661, 116, 189274.592560613, 23, 187814.143056606, None, 211, 43376.6903562971), (34201752, 34240164, 1068397, 'BLOCK2020_ID', 3971949, 1136, 0.0, 29, 29009, 29009960401, 290099604011, 290099604011022, 5369260, 11961179, 0.0007692385697737, 29, 29009, 29009960401, 290099604011, 290099604011056, 23651, 23652, 72631, 'Eureka Springs', 'AR', 63.5499992370605, 37773, '2013/01/18 07:07:59', 'AR,MO', 110100010803, 'Cedar Creek-Table Rock Lake', 'S', 'KA,RS,TF', 110100010804, 0, 11, 1101, 110100, 11010001, 1101000108, 89.77, -10438831.3589, 3774344.6225, 71142753, 114744293, None, 71142753, 114744293, 63671.1376632926, 111, 14070, None, 0.0, 0, 234670.507391375, 198, 142156.611398748, 107598, 7209.18329799446, 208, 100006.51235965, 452, 100006.51235965, 1, 309957.792904181, 16021, 3284.84224721637, 40, 309957.792904181, 134, 209670.239789467, 19, 302119.168854063, 53, 353949.096711314, 1150, 3712.22551048455, 157, 82699.5109340354, 205, 102266.55319276, 15, 1255940.2225967, 5811, 24203.450380776, -25.7412669657077, 49605, 6305.19708089947, 4145, 10688.4045186866, 265, 8583.41696512239, 350, 19111.6825485072, 73824, 9499.89804613872, 4324, 21582.8417370877, 63, 229587.896925217, 198865, 1896.69512227629, 5488, 3380.81806191689, 31556, 18673.1174834887, 1603, 41541.4485196256, 116, 209772.083288743, 23, 208320.413816181, None, 462, 54727.8254053755), (34201755, 34240167, 1068409, 'BLOCK2020_ID', 4103675, 1206, 0.0, 29, 29119, 29119070101, 291190701012, 291190701012079, 5542406, 8560591, 0.0, 29, 29119, 29119070100, 291190701004, 291190701004064, 23691, 23692, 72715, 'Bella Vista', 'AR', 30.8700008392334, 38055, '2013/01/18 07:07:59', 'AR,MO', 110702080205, 'Browning Creek-Little Sugar Creek', 'S', 'TF', 110702080206, 0, 11, 1107, 110702, 11070208, 1107020802, 121.7, -10498637.3321, 3774375.5537, 69892821, 114744305, None, 69892821, 114744305, 39769.8439725998, 10567, 20751, None, 0.133936867117882, 7, 231699.589743681, 198, 106417.666321234, 19729, 5870.35095999258, 265, 76322.7171231695, 509, 76322.7171231695, 1, 367175.758765263, 16000, 4273.2823038384, 40, 367175.758765263, 134, 152140.487999141, 19, 360289.446753786, 53, 412167.212541221, 699, 48035.4300395992, 177, 100228.439778831, 205, 50863.4172915867, 15, 1196920.93608437, 5807, 4622.52442142096, -2.96025979397199, 82140, 932.214363447093, 7430, 28194.3469264111, 33664, 3956.10076169839, 771, 11753.9021054102, 42123, 4746.93409943901, 4328, 3416.82740571987, 296, 229063.13321562, 150402, 3251.75406964918, 25536, 4674.91557151082, 35679, 14327.1379671104, 5919, 20502.928472927, 116, 152262.58830191, 23, 150784.617995667, None, 211, 41102.3973052778), (34201757, 34240169, 1068411, 'BLOCK2020_ID', 3972102, 22646, 0.0, 29, 29009, 29009960401, 290099604012, 290099604012062, 5369598, 22646, 0.0, 29, 29009, 29009960401, 290099604012, 290099604012157, 21417, 21418, 65745, 'Seligman', 'MO', 75.0899963378906, 38053, '2013/01/18 07:07:59', 'AR,MO', 110702080101, 'Headwaters Big Sugar Creek', 'S', 'TF', 110702080102, 0, 11, 1107, 110702, 11070208, 1107020801, 90.01, -10463654.888, 3774387.5585, 71133767, 114744307, None, 71133767, 114744307, 89314.3027822565, 3058, 27680, None, 0.128239572048187, 7, 238995.514378694, 198, 125134.183079305, 565, 12867.5179784353, 265, 100748.063914672, 509, 100748.063914672, 1, 333588.096004023, 16835, 5292.91379106271, 40, 333588.096004023, 134, 185608.988617586, 19, 326184.912744718, 53, 378046.442957973, 1150, 27005.8162817052, 157, 101978.498026922, 205, 79503.0958214728, 15, 1231429.147253, 5781, 16573.0815829994, -134.870126816994, 49416, 3236.37660526561, 4145, 18012.7891161974, 8469, 3268.8790071626, 350, 20519.3097875165, 91724, 5608.71338935505, 4345, 21252.6502932051, 296, 236252.84899211, 224044, 4241.49130701407, 50417, 1187.84801815112, 43218, 19222.4913152632, 3147, 21107.4290257013, 116, 185717.785762228, 23, 184255.844285219, None, 211, 41706.9891681621), (34201758, 34240170, 1068412, 'BLOCK2020_ID', 3971962, 24385, 0.0, 29, 29009, 29009960401, 290099604011, 290099604011035, 5369389, 24385, 0.0, 29, 29009, 29009960401, 290099604011, 290099604011185, 21417, 21418, 65745, 'Seligman', 'MO', 75.0899963378906, 38053, '2013/01/18 07:07:59', 'AR,MO', 110702080101, 'Headwaters Big Sugar Creek', 'S', 'TF', 110702080102, 0, 11, 1107, 110702, 11070208, 1107020801, 90.01, -10455545.8573, 3774391.2548, 71135536, 114744308, None, 71135536, 114744308, 64880.8073602237, 1872, 24253, None, 0.0822658464312553, 7, 241379.191071951, 198, 130433.002297211, 39067, 16253.3551646014, 265, 107247.563905315, 509, 107247.563905315, 1, 325844.012310207, 16410, 2367.04614870068, 40, 325844.012310207, 134, 193443.350568071, 19, 318306.369883116, 53, 370159.9022745, 1150, 18977.5224471798, 157, 95388.521363795, 205, 86807.709748929, 15, 1239431.89888262, 5781, 23024.7132699545, -149.317178257146, 73260, 57.1591608685171, 4145, 10977.0247521681, 8420, 6344.1712241503, 350, 16331.9924663772, 91724, 6553.72736417788, 4324, 18406.102874078, 296, 238620.866814906, 124388, 1097.39052276321, 5486, 1882.94113666676, 31556, 16257.5395821122, 3147, 27805.4207389988, 116, 193549.677906458, 23, 192091.24153397, None, 211, 45832.0528599504)]","The provided content describes several features and their corresponding values, with an associated relevance score:

- **F_MineMnrl**: A flag indicating the presence of a Mining Minerals facility, with a relevance score of 0.595948. Its value is 1150.

- **F_NonFeMtM**: Represents the presence of a Nonferrous Metal Mine with a relevance of 0.539380. The value is 19.

- **D_NonFeMtM**: This feature denotes the distance to a Nonferrous Metal Mine, having a relevance score of 0.527760. The distance is approximately 322,635.65 units.

- **D_MineMnrl**: Indicates the distance to a Mining Minerals facility, relevant with a score of 0.520726. The value is around 23,358.67 units.

- **F_FeMines**: A flag showing the existence of Ferroalloy Mines, carrying a relevance of 0.495653. Its value is 1."
command-r-plus-08-2024,1,all-MiniLM-L6-v2,5,38.04683392,1,prompt2_generation1_logfile.txt,Show the objects near a Nonferrous Metal Mine.,"[(34201748, 34240160, 1068392, 'BLOCK2020_ID', 375721, 1147, 0.0, 5, 5007, 5007020104, 50070201041, 50070201041012, 5369595, 6349726, 0.0, 29, 29009, 29009960401, 290099604012, 290099604012154, 21417, 21418, 65745, 'Seligman', 'MO', 75.0899963378906, 38053, '2013/01/18 07:07:59', 'AR,MO', 110702080101, 'Headwaters Big Sugar Creek', 'S', 'TF', 110702080102, 0, 11, 1107, 110702, 11070208, 1107020801, 90.01, -10459987.0556, 3774322.8433, 71135089, 114744288, None, 71135089, 114744288, 33960.9754588392, 5101, 26401, None, 0.12463503330946, 7, 240106.164511486, 198, 127443.961255088, 565, 16393.4502175163, 265, 103699.576931626, 509, 103699.576931626, 1, 330102.866912429, 16410, 3192.22693426998, 40, 330102.866912429, 134, 189166.860611329, 19, 322635.650551083, 53, 374493.531902259, 1150, 23358.6694500832, 157, 99008.3951625631, 205, 82817.4454917688, 15, 1235059.42450282, 5781, 19297.023521843, -142.748566858765, 73260, 1919.20672169401, 4145, 14662.9114610466, 8469, 3597.61254310722, 350, 18357.7070143644, 91724, 4446.74693387596, 4324, 20013.2154069464, 296, 237356.057860536, 125333, 3408.81921769406, 58989, 1828.38131684, 31556, 18392.9131880389, 3147, 23992.0499868661, 116, 189274.592560613, 23, 187814.143056606, None, 211, 43376.6903562971), (34201752, 34240164, 1068397, 'BLOCK2020_ID', 3971949, 1136, 0.0, 29, 29009, 29009960401, 290099604011, 290099604011022, 5369260, 11961179, 0.0007692385697737, 29, 29009, 29009960401, 290099604011, 290099604011056, 23651, 23652, 72631, 'Eureka Springs', 'AR', 63.5499992370605, 37773, '2013/01/18 07:07:59', 'AR,MO', 110100010803, 'Cedar Creek-Table Rock Lake', 'S', 'KA,RS,TF', 110100010804, 0, 11, 1101, 110100, 11010001, 1101000108, 89.77, -10438831.3589, 3774344.6225, 71142753, 114744293, None, 71142753, 114744293, 63671.1376632926, 111, 14070, None, 0.0, 0, 234670.507391375, 198, 142156.611398748, 107598, 7209.18329799446, 208, 100006.51235965, 452, 100006.51235965, 1, 309957.792904181, 16021, 3284.84224721637, 40, 309957.792904181, 134, 209670.239789467, 19, 302119.168854063, 53, 353949.096711314, 1150, 3712.22551048455, 157, 82699.5109340354, 205, 102266.55319276, 15, 1255940.2225967, 5811, 24203.450380776, -25.7412669657077, 49605, 6305.19708089947, 4145, 10688.4045186866, 265, 8583.41696512239, 350, 19111.6825485072, 73824, 9499.89804613872, 4324, 21582.8417370877, 63, 229587.896925217, 198865, 1896.69512227629, 5488, 3380.81806191689, 31556, 18673.1174834887, 1603, 41541.4485196256, 116, 209772.083288743, 23, 208320.413816181, None, 462, 54727.8254053755), (34201755, 34240167, 1068409, 'BLOCK2020_ID', 4103675, 1206, 0.0, 29, 29119, 29119070101, 291190701012, 291190701012079, 5542406, 8560591, 0.0, 29, 29119, 29119070100, 291190701004, 291190701004064, 23691, 23692, 72715, 'Bella Vista', 'AR', 30.8700008392334, 38055, '2013/01/18 07:07:59', 'AR,MO', 110702080205, 'Browning Creek-Little Sugar Creek', 'S', 'TF', 110702080206, 0, 11, 1107, 110702, 11070208, 1107020802, 121.7, -10498637.3321, 3774375.5537, 69892821, 114744305, None, 69892821, 114744305, 39769.8439725998, 10567, 20751, None, 0.133936867117882, 7, 231699.589743681, 198, 106417.666321234, 19729, 5870.35095999258, 265, 76322.7171231695, 509, 76322.7171231695, 1, 367175.758765263, 16000, 4273.2823038384, 40, 367175.758765263, 134, 152140.487999141, 19, 360289.446753786, 53, 412167.212541221, 699, 48035.4300395992, 177, 100228.439778831, 205, 50863.4172915867, 15, 1196920.93608437, 5807, 4622.52442142096, -2.96025979397199, 82140, 932.214363447093, 7430, 28194.3469264111, 33664, 3956.10076169839, 771, 11753.9021054102, 42123, 4746.93409943901, 4328, 3416.82740571987, 296, 229063.13321562, 150402, 3251.75406964918, 25536, 4674.91557151082, 35679, 14327.1379671104, 5919, 20502.928472927, 116, 152262.58830191, 23, 150784.617995667, None, 211, 41102.3973052778), (34201757, 34240169, 1068411, 'BLOCK2020_ID', 3972102, 22646, 0.0, 29, 29009, 29009960401, 290099604012, 290099604012062, 5369598, 22646, 0.0, 29, 29009, 29009960401, 290099604012, 290099604012157, 21417, 21418, 65745, 'Seligman', 'MO', 75.0899963378906, 38053, '2013/01/18 07:07:59', 'AR,MO', 110702080101, 'Headwaters Big Sugar Creek', 'S', 'TF', 110702080102, 0, 11, 1107, 110702, 11070208, 1107020801, 90.01, -10463654.888, 3774387.5585, 71133767, 114744307, None, 71133767, 114744307, 89314.3027822565, 3058, 27680, None, 0.128239572048187, 7, 238995.514378694, 198, 125134.183079305, 565, 12867.5179784353, 265, 100748.063914672, 509, 100748.063914672, 1, 333588.096004023, 16835, 5292.91379106271, 40, 333588.096004023, 134, 185608.988617586, 19, 326184.912744718, 53, 378046.442957973, 1150, 27005.8162817052, 157, 101978.498026922, 205, 79503.0958214728, 15, 1231429.147253, 5781, 16573.0815829994, -134.870126816994, 49416, 3236.37660526561, 4145, 18012.7891161974, 8469, 3268.8790071626, 350, 20519.3097875165, 91724, 5608.71338935505, 4345, 21252.6502932051, 296, 236252.84899211, 224044, 4241.49130701407, 50417, 1187.84801815112, 43218, 19222.4913152632, 3147, 21107.4290257013, 116, 185717.785762228, 23, 184255.844285219, None, 211, 41706.9891681621), (34201758, 34240170, 1068412, 'BLOCK2020_ID', 3971962, 24385, 0.0, 29, 29009, 29009960401, 290099604011, 290099604011035, 5369389, 24385, 0.0, 29, 29009, 29009960401, 290099604011, 290099604011185, 21417, 21418, 65745, 'Seligman', 'MO', 75.0899963378906, 38053, '2013/01/18 07:07:59', 'AR,MO', 110702080101, 'Headwaters Big Sugar Creek', 'S', 'TF', 110702080102, 0, 11, 1107, 110702, 11070208, 1107020801, 90.01, -10455545.8573, 3774391.2548, 71135536, 114744308, None, 71135536, 114744308, 64880.8073602237, 1872, 24253, None, 0.0822658464312553, 7, 241379.191071951, 198, 130433.002297211, 39067, 16253.3551646014, 265, 107247.563905315, 509, 107247.563905315, 1, 325844.012310207, 16410, 2367.04614870068, 40, 325844.012310207, 134, 193443.350568071, 19, 318306.369883116, 53, 370159.9022745, 1150, 18977.5224471798, 157, 95388.521363795, 205, 86807.709748929, 15, 1239431.89888262, 5781, 23024.7132699545, -149.317178257146, 73260, 57.1591608685171, 4145, 10977.0247521681, 8420, 6344.1712241503, 350, 16331.9924663772, 91724, 6553.72736417788, 4324, 18406.102874078, 296, 238620.866814906, 124388, 1097.39052276321, 5486, 1882.94113666676, 31556, 16257.5395821122, 3147, 27805.4207389988, 116, 193549.677906458, 23, 192091.24153397, None, 211, 45832.0528599504)]","Here is a summary of the provided features and their values:

- **Mining Minerals Facility**: The flag indicating the presence of a Mining Minerals facility is set to 1150, with a relevance score of 0.531431.
- **Distance to Mining Minerals Facility**: The distance to the Mining Minerals facility is 23358.67 units, and its relevance is 0.484530.
- **Nonferrous Metal Mine**: A flag suggests the presence of a Nonferrous Metal Mine, with a value of 19. The relevance score for this feature is 0.450095.
- **Distance to Nonferrous Metal Mine**: The distance to the nearest Nonferrous Metal Mine is approximately 322635.65 units, with a relevance of 0.448666.
- **Ferroalloy Mines**: The flag indicating the existence of Ferroalloy Mines has a value of 1 and a relevance score of 0.426434."
command-r-plus-08-2024,1,all-MiniLM-L6-v2,5,37.81980513,2,prompt2_generation2_logfile.txt,Show the objects near a Nonferrous Metal Mine.,"[(34201748, 34240160, 1068392, 'BLOCK2020_ID', 375721, 1147, 0.0, 5, 5007, 5007020104, 50070201041, 50070201041012, 5369595, 6349726, 0.0, 29, 29009, 29009960401, 290099604012, 290099604012154, 21417, 21418, 65745, 'Seligman', 'MO', 75.0899963378906, 38053, '2013/01/18 07:07:59', 'AR,MO', 110702080101, 'Headwaters Big Sugar Creek', 'S', 'TF', 110702080102, 0, 11, 1107, 110702, 11070208, 1107020801, 90.01, -10459987.0556, 3774322.8433, 71135089, 114744288, None, 71135089, 114744288, 33960.9754588392, 5101, 26401, None, 0.12463503330946, 7, 240106.164511486, 198, 127443.961255088, 565, 16393.4502175163, 265, 103699.576931626, 509, 103699.576931626, 1, 330102.866912429, 16410, 3192.22693426998, 40, 330102.866912429, 134, 189166.860611329, 19, 322635.650551083, 53, 374493.531902259, 1150, 23358.6694500832, 157, 99008.3951625631, 205, 82817.4454917688, 15, 1235059.42450282, 5781, 19297.023521843, -142.748566858765, 73260, 1919.20672169401, 4145, 14662.9114610466, 8469, 3597.61254310722, 350, 18357.7070143644, 91724, 4446.74693387596, 4324, 20013.2154069464, 296, 237356.057860536, 125333, 3408.81921769406, 58989, 1828.38131684, 31556, 18392.9131880389, 3147, 23992.0499868661, 116, 189274.592560613, 23, 187814.143056606, None, 211, 43376.6903562971), (34201752, 34240164, 1068397, 'BLOCK2020_ID', 3971949, 1136, 0.0, 29, 29009, 29009960401, 290099604011, 290099604011022, 5369260, 11961179, 0.0007692385697737, 29, 29009, 29009960401, 290099604011, 290099604011056, 23651, 23652, 72631, 'Eureka Springs', 'AR', 63.5499992370605, 37773, '2013/01/18 07:07:59', 'AR,MO', 110100010803, 'Cedar Creek-Table Rock Lake', 'S', 'KA,RS,TF', 110100010804, 0, 11, 1101, 110100, 11010001, 1101000108, 89.77, -10438831.3589, 3774344.6225, 71142753, 114744293, None, 71142753, 114744293, 63671.1376632926, 111, 14070, None, 0.0, 0, 234670.507391375, 198, 142156.611398748, 107598, 7209.18329799446, 208, 100006.51235965, 452, 100006.51235965, 1, 309957.792904181, 16021, 3284.84224721637, 40, 309957.792904181, 134, 209670.239789467, 19, 302119.168854063, 53, 353949.096711314, 1150, 3712.22551048455, 157, 82699.5109340354, 205, 102266.55319276, 15, 1255940.2225967, 5811, 24203.450380776, -25.7412669657077, 49605, 6305.19708089947, 4145, 10688.4045186866, 265, 8583.41696512239, 350, 19111.6825485072, 73824, 9499.89804613872, 4324, 21582.8417370877, 63, 229587.896925217, 198865, 1896.69512227629, 5488, 3380.81806191689, 31556, 18673.1174834887, 1603, 41541.4485196256, 116, 209772.083288743, 23, 208320.413816181, None, 462, 54727.8254053755), (34201755, 34240167, 1068409, 'BLOCK2020_ID', 4103675, 1206, 0.0, 29, 29119, 29119070101, 291190701012, 291190701012079, 5542406, 8560591, 0.0, 29, 29119, 29119070100, 291190701004, 291190701004064, 23691, 23692, 72715, 'Bella Vista', 'AR', 30.8700008392334, 38055, '2013/01/18 07:07:59', 'AR,MO', 110702080205, 'Browning Creek-Little Sugar Creek', 'S', 'TF', 110702080206, 0, 11, 1107, 110702, 11070208, 1107020802, 121.7, -10498637.3321, 3774375.5537, 69892821, 114744305, None, 69892821, 114744305, 39769.8439725998, 10567, 20751, None, 0.133936867117882, 7, 231699.589743681, 198, 106417.666321234, 19729, 5870.35095999258, 265, 76322.7171231695, 509, 76322.7171231695, 1, 367175.758765263, 16000, 4273.2823038384, 40, 367175.758765263, 134, 152140.487999141, 19, 360289.446753786, 53, 412167.212541221, 699, 48035.4300395992, 177, 100228.439778831, 205, 50863.4172915867, 15, 1196920.93608437, 5807, 4622.52442142096, -2.96025979397199, 82140, 932.214363447093, 7430, 28194.3469264111, 33664, 3956.10076169839, 771, 11753.9021054102, 42123, 4746.93409943901, 4328, 3416.82740571987, 296, 229063.13321562, 150402, 3251.75406964918, 25536, 4674.91557151082, 35679, 14327.1379671104, 5919, 20502.928472927, 116, 152262.58830191, 23, 150784.617995667, None, 211, 41102.3973052778), (34201757, 34240169, 1068411, 'BLOCK2020_ID', 3972102, 22646, 0.0, 29, 29009, 29009960401, 290099604012, 290099604012062, 5369598, 22646, 0.0, 29, 29009, 29009960401, 290099604012, 290099604012157, 21417, 21418, 65745, 'Seligman', 'MO', 75.0899963378906, 38053, '2013/01/18 07:07:59', 'AR,MO', 110702080101, 'Headwaters Big Sugar Creek', 'S', 'TF', 110702080102, 0, 11, 1107, 110702, 11070208, 1107020801, 90.01, -10463654.888, 3774387.5585, 71133767, 114744307, None, 71133767, 114744307, 89314.3027822565, 3058, 27680, None, 0.128239572048187, 7, 238995.514378694, 198, 125134.183079305, 565, 12867.5179784353, 265, 100748.063914672, 509, 100748.063914672, 1, 333588.096004023, 16835, 5292.91379106271, 40, 333588.096004023, 134, 185608.988617586, 19, 326184.912744718, 53, 378046.442957973, 1150, 27005.8162817052, 157, 101978.498026922, 205, 79503.0958214728, 15, 1231429.147253, 5781, 16573.0815829994, -134.870126816994, 49416, 3236.37660526561, 4145, 18012.7891161974, 8469, 3268.8790071626, 350, 20519.3097875165, 91724, 5608.71338935505, 4345, 21252.6502932051, 296, 236252.84899211, 224044, 4241.49130701407, 50417, 1187.84801815112, 43218, 19222.4913152632, 3147, 21107.4290257013, 116, 185717.785762228, 23, 184255.844285219, None, 211, 41706.9891681621), (34201758, 34240170, 1068412, 'BLOCK2020_ID', 3971962, 24385, 0.0, 29, 29009, 29009960401, 290099604011, 290099604011035, 5369389, 24385, 0.0, 29, 29009, 29009960401, 290099604011, 290099604011185, 21417, 21418, 65745, 'Seligman', 'MO', 75.0899963378906, 38053, '2013/01/18 07:07:59', 'AR,MO', 110702080101, 'Headwaters Big Sugar Creek', 'S', 'TF', 110702080102, 0, 11, 1107, 110702, 11070208, 1107020801, 90.01, -10455545.8573, 3774391.2548, 71135536, 114744308, None, 71135536, 114744308, 64880.8073602237, 1872, 24253, None, 0.0822658464312553, 7, 241379.191071951, 198, 130433.002297211, 39067, 16253.3551646014, 265, 107247.563905315, 509, 107247.563905315, 1, 325844.012310207, 16410, 2367.04614870068, 40, 325844.012310207, 134, 193443.350568071, 19, 318306.369883116, 53, 370159.9022745, 1150, 18977.5224471798, 157, 95388.521363795, 205, 86807.709748929, 15, 1239431.89888262, 5781, 23024.7132699545, -149.317178257146, 73260, 57.1591608685171, 4145, 10977.0247521681, 8420, 6344.1712241503, 350, 16331.9924663772, 91724, 6553.72736417788, 4324, 18406.102874078, 296, 238620.866814906, 124388, 1097.39052276321, 5486, 1882.94113666676, 31556, 16257.5395821122, 3147, 27805.4207389988, 116, 193549.677906458, 23, 192091.24153397, None, 211, 45832.0528599504)]","The data provides information about various features related to mining and their corresponding values:

- **Distance to Nonferrous Metal Mine (D_NonFeMtM)**: This feature has a relevance score of 0.542819 and a value of 322635.650551083.

- **Flag indicating the presence of Mining Minerals facility (F_MineMnrl)**: With a relevance of 0.536966, this feature has a value of 1150.

- **Flag indicating the presence of Nonferrous Metal Mine (F_NonFeMtM)**: The value is 19, and its relevance score is 0.516856.

- **Distance to Mining Minerals facility (D_MineMnrl)**: This feature is assigned a value of 23358.6694500832 and a relevance of 0.513025.

- **Distance to Ferroalloy Mines (D_FeMines)**: Having a relevance score of 0.453917, this feature's value is 330102.866912429.

These values and their associated relevance scores highlight the importance or proximity of different mining-related facilities and minerals in a given context."
command-r-plus-08-2024,1,all-MiniLM-L6-v2,5,51.78456015,0,prompt3_generation0_logfile.txt,Child care facility in Columbia,"[(107695, 2389.125482725, 62236), (75004, 8475.54193646889, 65203), (75004, 8615.12435838163, 65203), (75004, 8408.92002346237, 65203), (75004, 8563.20569906705, 65203)]","The fetched data provides information on various location-based features and their corresponding values:

- **D_ChldCare**: Distance to the nearest Child Care facility. Its relevance score is 0.504482, but the value is marked as 'N/A'.
- **F_ChldCare**: A flag indicating the presence of a Child Care facility. The relevance is 0.394035, but no specific value is given.
- **UrgCareEDist**: Euclidean distance to Urgent Care facilities. Relevance score: 0.327210, value is 'N/A'.
- **D_PubHealth**: Represents the distance to a Public Health facility, with a relevance of 0.283730. The value is not available.
- **D_PbSchools**: Distance to Public Schools, relevance 0.273090, and the value is 'N/A'.

It seems that the values for these features are not provided or are currently unknown, as indicated by 'N/A'. The relevance scores might indicate the importance or influence of each feature in a particular context."
command-r-plus-08-2024,1,all-MiniLM-L6-v2,5,37.62558951,1,prompt3_generation1_logfile.txt,Child care facility in Columbia,"[(65387097, 65425505, 59424130, 'WMR-3141', 2228745, 2249978, 1.0, 17, 17133, 17133600102, 171336001022, 171336001022017, 3009012, 1358229, 1.0, 17, 17133, 17133600102, 171336001022, 171336001022137, 20072, 20073, 62236, 'Columbia', 'IL', 61.0800018310547, 9358, '2013/01/18 07:08:17', 'IL,MO', 71401010507, 'Palmer Creek-Mississippi River', 'S', 'KA,LE,PS', 71401010603, 0, 7, 714, 71401, 7140101, 714010105, 127.38, -10050317.6478, 3946668.3548, 97978994, 54304018, None, 97978994, 54304018, 67261.1074503607, 610, 5878, None, 0.332046359777451, 36, 8079.96754474301, 95, 40219.9658573121, 107695, 2389.125482725, 141, 22895.2376618099, 385, 22895.2376618099, 25, 96478.0527969101, 20509, 2758.87789336907, 4, 19778.3808044636, 129, 40382.6196578707, 136, 17870.124211446, 70, 17864.7589881849, 619, 47127.5523522514, 84, 18866.4056435042, 204, 144856.923907043, 130, 1589270.51730288, 2460, 11044.6676335603, -178.803409506088, 59376, 1517.71946771786, 4895, 7269.6019681518, 24973, 5644.40013766148, 1962, 16676.1930979341, 8471, 2259.15526177144, 5268, 8196.73840029547, 93, 12852.6004634741, 154269, 2413.93741921227, 16032, 4466.37487028776, 43193, 2010.59186504005, 9000, 6600.24957937018, 110, 40764.119007516, 66, 38846.1192981047, None, 338, 3587.73021342144), (69457278, 69495686, 60445737, 'VBM-3035', 3981958, 248290, 1.0, 29, 29019, 29019001702, 290190017021, 290190017021078, 5384532, 248290, 1.0, 29, 29019, 29019001702, 290190017021, 290190017021079, 21182, 21183, 65203, 'Columbia', 'MO', 73.6399993896484, 63777, '2013/01/18 07:08:30', 'MO', 103001020903, 'Little Bonne Femme Creek-Missouri River', 'S', 'KA', 103001020904, 0, 10, 1030, 103001, 10300102, 1030010209, 106.63, -10283703.0954, 3976069.8304, 96523604, 55325625, None, 96523604, 55325625, 67261.1074501012, 7941, 21514, None, 0.0377761498093605, 6, 29308.6202268232, 142, 46847.0551755152, 75004, 8475.54193646889, 310, 124599.785036808, 554, 124599.785036808, 1, 173394.505409054, 16361, 9013.54956073183, 40, 173394.505409054, 129, 245954.910053608, 16, 169256.496655236, 53, 220033.0269815, 522, 49532.186604826, 4, 147683.299653604, 128, 169093.246942193, 130, 1355134.66655962, 4275, 23743.3592611941, 54.2851270826823, 69390, 4530.07230016962, 11417, 14317.6370892053, 25969, 4823.7390489181, 339, 14860.2080869923, 56198, 8654.0326343204, 122, 11656.4933104204, 94, 224412.535448492, 223452, 7683.29792869918, 20408, 1949.96396816305, 40966, 14697.5421321442, 1534, 19096.3581843111, 110, 256745.103626311, 66, 253245.48434892, None, 538, 13767.7160796903), (69457279, 69495687, 60445738, 'VBO-3035', 3982074, 326133, 0.0, 29, 29019, 29019001702, 290190017023, 290190017023076, 5384716, 285474, 0.0, 29, 29019, 29019001702, 290190017022, 290190017022137, 21182, 21183, 65203, 'Columbia', 'MO', 73.6399993896484, 63776, '2013/01/18 07:08:30', 'MO', 103001020902, 'Bonne Femme Creek', 'S', 'KA', 103001020903, 0, 10, 1030, 103001, 10300102, 1030010209, 136.98, -10283220.3954, 3976069.8304, 96523621, 55325626, None, 96523621, 55325626, 67261.1074501012, 7714, 21391, None, 0.0408360958099365, 6, 28917.8731432835, 142, 47329.7465293408, 75004, 8615.12435838163, 310, 124177.411689685, 554, 124177.411689685, 1, 173007.974975001, 16361, 8806.37589302385, 40, 173007.974975001, 129, 245472.536054663, 16, 168855.084630669, 53, 219620.958922854, 522, 49060.9505041396, 4, 147323.050231121, 128, 168800.401039863, 130, 1355604.67725652, 4275, 23464.8554026725, 55.2421490665586, 69390, 4401.87310437195, 6765, 14210.2687219838, 25969, 4886.98867869734, 339, 14771.6312444873, 56198, 8808.32385664814, 122, 11588.1013002966, 94, 223929.927602678, 223452, 7533.06409742257, 20408, 1783.58040094452, 40966, 14385.1495176962, 1534, 18929.4762496397, 110, 256262.463140148, 66, 252762.865472609, None, 538, 13575.7266162312), (69458712, 69497120, 60450533, 'VBN-3035', 3982074, 326133, 0.0, 29, 29019, 29019001702, 290190017023, 290190017023076, 5384716, 285474, 0.0, 29, 29019, 29019001702, 290190017022, 290190017022137, 21182, 21183, 65203, 'Columbia', 'MO', 73.6399993896484, 63776, '2013/01/18 07:08:30', 'MO', 103001020902, 'Bonne Femme Creek', 'S', 'KA', 103001020903, 0, 10, 1030, 103001, 10300102, 1030010209, 136.98, -10283461.7454, 3976209.1738, 96523611, 55330421, None, 96523611, 55330421, 67261.1074503607, 7702, 21229, None, 0.0439984127879143, 6, 29194.9286205515, 142, 47089.440992367, 75004, 8408.92002346237, 310, 124456.056797572, 554, 124456.056797572, 1, 173284.679004883, 16361, 8781.65151630726, 40, 173284.679004883, 129, 245708.642013255, 16, 169133.165551733, 53, 219899.560458716, 522, 49266.5409370249, 4, 147410.379270054, 128, 168835.966080805, 130, 1355337.93746888, 4275, 23489.6129899472, 54.5647035328501, 69390, 4331.64169151809, 6765, 14163.1986044435, 25969, 4711.3611916236, 339, 14677.0656113408, 56198, 8596.2702187177, 122, 11481.921332271, 94, 224173.997463345, 223452, 7472.43280951059, 20408, 1997.57596278723, 40966, 14434.2427033674, 1534, 18880.8802828104, 110, 256501.633140196, 66, 253001.658659624, None, 538, 13542.1972606525), (69458713, 69497121, 60450534, 'VBP-3035', 3982074, 326133, 0.0, 29, 29019, 29019001702, 290190017023, 290190017023076, 5384716, 285474, 0.0, 29, 29019, 29019001702, 290190017022, 290190017022137, 21182, 21183, 65203, 'Columbia', 'MO', 73.6399993896484, 63776, '2013/01/18 07:08:30', 'MO', 103001020902, 'Bonne Femme Creek', 'S', 'KA', 103001020903, 0, 10, 1030, 103001, 10300102, 1030010209, 136.98, -10282979.0454, 3976209.1738, 96523614, 55330422, None, 96523614, 55330422, 67261.1074501012, 7483, 21109, None, 0.046531155705452, 6, 28806.6836685499, 142, 47572.1218801272, 75004, 8563.20569906705, 310, 124034.133268309, 554, 124034.133268309, 1, 172898.576847859, 16361, 8582.45788392294, 40, 172898.576847859, 129, 245226.258661091, 16, 168732.150565522, 53, 219487.772608813, 522, 48795.1269052936, 4, 147050.25348042, 128, 168543.364365061, 130, 1355807.96362531, 4275, 23213.0835472077, 55.5354891257372, 69390, 4203.42605578105, 6765, 13998.8136500776, 25969, 4800.42951219983, 339, 14595.3608891317, 56198, 8764.88159024061, 122, 11422.6867338869, 94, 223691.395783801, 223452, 7333.77385916463, 20408, 1831.19239556719, 40966, 14124.274977145, 1534, 18718.3015983278, 110, 256018.988712649, 66, 252519.035129265, None, 538, 13355.6899126961)]","- **D_ChldCare (Child Care Facility Distance)**: This feature represents the distance to the nearest child care facility. Its relevance score is 0.525682, and the distance value is 2389.125482725 units.

- **F_ChldCare (Child Care Facility Presence Flag)**: Indicates the presence of a child care facility with a value of 107695 and a relevance score of 0.411429.

- **UrgCareEDist (Distance to Urgent Care Facilities)**: The Euclidean distance to urgent care facilities is not available (None).

- **D_PbSchools (Distance to Public Schools)**: With a relevance of 0.312752, this feature measures the distance to public schools, which is approximately 2259.15526177144 units.

- **D_PubHealth (Distance to Public Health Facility)**: The distance to the nearest public health facility is 16676.1930979341 units, and its relevance score is 0.289008."
command-r-plus-08-2024,1,all-MiniLM-L6-v2,5,46.46398918,2,prompt3_generation2_logfile.txt,Child care facility in Columbia,"[('Columbia', 62236, 'IL'), ('Columbia', 65203, 'MO'), ('Columbia', 65203, 'MO'), ('Columbia', 65203, 'MO'), ('Columbia', 65203, 'MO')]","Here's a summary of the features and their corresponding values:

- **D_ChldCare (Distance to Child Care Facility)**: This feature has a relevance score of 0.529570. The value is currently N/A.
- **F_ChldCare (Flag for Child Care Facility Presence)**: Relevance: 0.408940. Value: N/A.
- **UrgCareEDist (Euclidean Distance to Urgent Care Facilities)**: Relevance score of 0.302660. Value: Not available.
- **D_PubHealth (Distance to Public Health Facility)**: With a relevance score of 0.287693, its value is N/A.
- **D_PbSchools (Distance to Public Schools)**: Relevance: 0.245502. Value: N/A."
command-r-plus-08-2024,1,all-MiniLM-L6-v2,5,34.01772752,0,prompt4_generation0_logfile.txt,"Find public health facilities within 50 km of Columbia, Missouri.",[],"The text provides information about various healthcare-related features and their corresponding values:

- **UrgCareEDist**: Represents the Euclidean distance to Urgent Care facilities, with a relevance score of 0.513367. The value is currently N/A.
- **D_PubHealth**: Refers to the distance to the nearest Public Health facility, with a relevance score of 0.501537. The distance is N/A.
- **DIST_VHA**: Measures the distance to Veteran Health Administration facilities, carrying a relevance of 0.428325. The value listed is N/A.
- **HospEDist**: Indicates the Euclidean distance to Hospitals, relevant at 0.415623. The distance is not available.
- **D_EMS**: Represents the distance to Emergency Medical Services, with a relevance score of 0.402006. This value is also listed as N/A.

The relevance scores indicate the importance or significance of each feature in the context of the data. However, all the values for these features are currently unavailable."
command-r-plus-08-2024,1,all-MiniLM-L6-v2,5,45.01062162,1,prompt4_generation1_logfile.txt,"Find public health facilities within 50 km of Columbia, Missouri.",[],"The fetched data contains information about various healthcare-related distances and their corresponding relevance scores:

- **D_PubHealth**: Distance to the nearest Public Health facility. Relevance score: 0.486128.
- **UrgCareEDist**: Euclidean distance to Urgent Care facilities. Relevance score: 0.472753.
- **DIST_VHA**: Distance to Veteran Health Administration facility. Relevance score: 0.391640.
- **HospEDist**: Euclidean distance to Hospitals. Relevance score: 0.385123.
- **D_EMS**: Distance to Emergency Medical Services. Relevance score: 0.370941.

All the mentioned distances are marked as ""N/A,"" indicating that specific values were not provided or are currently unavailable."
command-r-plus-08-2024,1,all-MiniLM-L6-v2,5,38.16414874,2,prompt4_generation2_logfile.txt,"Find public health facilities within 50 km of Columbia, Missouri.","[(-10280734.0349, 3990624.6034, 339, 11.7566675998358)]","The data provides a list of distance-related features and their corresponding relevance scores:

- **D_PubHealth (relevance score: 0.533210)**: Distance to the nearest Public Health facility, which is currently not available (N/A).
- **UrgCareEDist (relevance score: 0.509731)**: Euclidean distance to Urgent Care facilities, which is N/A.
- **DIST_VHA (relevance score: 0.440257)**: Distance to Veteran Health Administration facilities, with no value available.
- **HospEDist (relevance score: 0.415891)**: Euclidean distance to Hospitals, N/A.
- **D_EMS (relevance score: 0.405355)**: Represents the distance to Emergency Medical Services, currently unknown.

These features seem to be related to healthcare facility proximity, each carrying a specific relevance score."
command-r-plus-08-2024,1,all-MiniLM-L6-v2,5,44.19937223,0,prompt5_generation0_logfile.txt,Which region shows the lowest average distance to hospitals?,"[('Second Creek', 'MO')]","This text provides a list of features related to healthcare facility proximity with associated relevance scores but does not include any specific values or measurements. Each feature represents the Euclidean distance or straight-line distance to a particular type of medical facility:

- **UrgCareEDist**: Euclidean distance to Urgent Care facilities (relevance score: 0.520882).
- **D_EMS**: Distance to Emergency Medical Services (relevance score: 0.463621).
- **D_PubHealth**: Distance to Public Health facility (relevance score: 0.412800).
- **HospEDist**: Euclidean distance to Hospitals (relevance score: 0.408607).
- **DIST_VHA**: Distance to Veteran Health Administration facility (relevance score: 0.358080).

All the distances or values for these features are marked as 'N/A' (Not Available) in the provided content."
command-r-plus-08-2024,1,all-MiniLM-L6-v2,5,44.7800696,1,prompt5_generation1_logfile.txt,Which region shows the lowest average distance to hospitals?,"[('Turkey Creek-Kansas River', 1850.338058887677)]","The content provides a list of features related to distances from various healthcare facilities along with their corresponding relevance scores. However, the values for these distances are all marked as 'N/A' (Not Available) in this particular case. Here's a summary of the mentioned features:

- **UrgCareEDist (relevance=0.519369)**: Euclidean distance to Urgent Care facilities.
- **D_EMS (relevance=0.435917)**: Distance to Emergency Medical Services.
- **D_PubHealth (relevance=0.430598)**: Distance to the nearest Public Health facility.
- **HospEDist (relevance=0.403329)**: Euclidean distance to Hospitals.
- **DIST_VHA (relevance=0.376305)**: Distance to Veteran Health Administration facilities.

Note that the relevance scores indicate the importance or weight given to each feature in a particular context, such as a location analysis or healthcare facility accessibility study."
command-r-plus-08-2024,1,all-MiniLM-L6-v2,5,38.91005773,2,prompt5_generation2_logfile.txt,Which region shows the lowest average distance to hospitals?,"[('East Saint Louis', 1871.7142857142858)]","The text provides a list of distance-related features and their corresponding relevance scores:
- D_PubHealth: Distance to Public Health facility (relevance score: 0.479256) with no available data.
- UrgCareEDist: Euclidean distance to Urgent Care facilities (relevance score: 0.439189) with no specified value.
- D_EMS: Distance to Emergency Medical Services (relevance score: 0.432983), data unavailable.
- HospEDist: Euclidean distance to Hospitals (relevance score: 0.432702), the value is not provided.
- DIST_VHA: Distance to Veteran Health Administration facility (relevance score: 0.415289), also listed as N/A.

Each feature represents a distance measurement to various healthcare facilities, and the relevance scores indicate their relative importance or influence in a particular context, possibly a healthcare-related analysis or model."
command-r-plus-08-2024,1,all-MiniLM-L6-v2,5,41.87002247,0,prompt6_generation0_logfile.txt,List attributes for the 2 objects near Miscellaneous Industry.,"[(45994177, 61, 305302.257380606), (45995508, 61, 305272.073184432)]","Here's a summary of the fetched features and their corresponding values:

- FID_L48_All_Pt_Blk1020ZipHUC_TH: A feature identifier with a relevance of 0.427313, representing block, zip code, and HUC data with Thiessen polygons. Its value is 61.

- FID_L48_All_Pt_Blk1020ZipHUC_Mer: Feature identifier with a relevance score of 0.425961, associated with block, zip code, and HUC data using Merge polygons. The value is 305302.257380606.

- FID_ZipCode_bnd: Relevance score of 0.412904; this is a feature identifier for Zip Code boundaries with an unspecified value.

- D_MiscInd: The distance to Miscellaneous Industry feature has a relevance of 0.367040, but its value is not available.

- FID_Block10: This feature identifier, with a relevance of 0.340058, is for the 2010 Census Block, and its value is N/A."
command-r-plus-08-2024,1,all-MiniLM-L6-v2,5,42.52869684,1,prompt6_generation1_logfile.txt,List attributes for the 2 objects near Miscellaneous Industry.,"[(34201748, 157, 99008.3951625631, 205, 82817.4454917688, 15, 1235059.42450282, 5781, 19297.023521843, 73260, 1919.20672169401, 4145, 14662.9114610466, 8469, 3597.61254310722, 350, 18357.7070143644, 91724, 4446.74693387596, 4324, 20013.2154069464, 296, 237356.057860536, 125333, 3408.81921769406, 58989, 1828.38131684, 31556, 18392.9131880389, 3147, 23992.0499868661, 116, 189274.592560613, 23, 187814.143056606), (34201752, 157, 82699.5109340354, 205, 102266.55319276, 15, 1255940.2225967, 5811, 24203.450380776, 49605, 6305.19708089947, 4145, 10688.4045186866, 265, 8583.41696512239, 350, 19111.6825485072, 73824, 9499.89804613872, 4324, 21582.8417370877, 63, 229587.896925217, 198865, 1896.69512227629, 5488, 3380.81806191689, 31556, 18673.1174834887, 1603, 41541.4485196256, 116, 209772.083288743, 23, 208320.413816181)]","The data contains information related to water bodies and their respective codes:

- **PctWater_1**: This feature represents the percentage of water area from the 2010 Census, with a relevance score of 0.484033. The corresponding value is 3597.61.
- **HUC Codes**: HUC stands for Hydrologic Unit Code, which is used to identify specific water basins or sub-basins. The data includes various HUC codes with different digit lengths: HUC8, HUC10, HUC6, and huc12. While the relevance scores for these codes are provided (ranging from 0.37 to 0.39), the values for HUC8, HUC10, and HUC6 are not available (N/A), whereas the huc12 code has a value of 3147."
command-r-plus-08-2024,1,all-MiniLM-L6-v2,5,31.73851047,2,prompt6_generation2_logfile.txt,List attributes for the 2 objects near Miscellaneous Industry.,"[(34201748, 34240160, 1068392, 'BLOCK2020_ID', 375721, 1147, 0.0, 5, 5007, 5007020104, 50070201041, 50070201041012, 5369595, 6349726, 0.0, 29, 29009, 29009960401, 290099604012, 290099604012154, 21417, 21418, 65745, 'Seligman', 'MO', 75.0899963378906, 38053, '2013/01/18 07:07:59', 'AR,MO', 110702080101, 'Headwaters Big Sugar Creek', 'S', 'TF', 110702080102, 0, 11, 1107, 110702, 11070208, 1107020801, 90.01, -10459987.0556, 3774322.8433, 71135089, 114744288, None, 71135089, 114744288, 33960.9754588392, 5101, 26401, None, 0.12463503330946, 7, 240106.164511486, 198, 127443.961255088, 565, 16393.4502175163, 265, 103699.576931626, 509, 103699.576931626, 1, 330102.866912429, 16410, 3192.22693426998, 40, 330102.866912429, 134, 189166.860611329, 19, 322635.650551083, 53, 374493.531902259, 1150, 23358.6694500832, 157, 99008.3951625631, 205, 82817.4454917688, 15, 1235059.42450282, 5781, 19297.023521843, -142.748566858765, 73260, 1919.20672169401, 4145, 14662.9114610466, 8469, 3597.61254310722, 350, 18357.7070143644, 91724, 4446.74693387596, 4324, 20013.2154069464, 296, 237356.057860536, 125333, 3408.81921769406, 58989, 1828.38131684, 31556, 18392.9131880389, 3147, 23992.0499868661, 116, 189274.592560613, 23, 187814.143056606, None, 211, 43376.6903562971), (34201752, 34240164, 1068397, 'BLOCK2020_ID', 3971949, 1136, 0.0, 29, 29009, 29009960401, 290099604011, 290099604011022, 5369260, 11961179, 0.0007692385697737, 29, 29009, 29009960401, 290099604011, 290099604011056, 23651, 23652, 72631, 'Eureka Springs', 'AR', 63.5499992370605, 37773, '2013/01/18 07:07:59', 'AR,MO', 110100010803, 'Cedar Creek-Table Rock Lake', 'S', 'KA,RS,TF', 110100010804, 0, 11, 1101, 110100, 11010001, 1101000108, 89.77, -10438831.3589, 3774344.6225, 71142753, 114744293, None, 71142753, 114744293, 63671.1376632926, 111, 14070, None, 0.0, 0, 234670.507391375, 198, 142156.611398748, 107598, 7209.18329799446, 208, 100006.51235965, 452, 100006.51235965, 1, 309957.792904181, 16021, 3284.84224721637, 40, 309957.792904181, 134, 209670.239789467, 19, 302119.168854063, 53, 353949.096711314, 1150, 3712.22551048455, 157, 82699.5109340354, 205, 102266.55319276, 15, 1255940.2225967, 5811, 24203.450380776, -25.7412669657077, 49605, 6305.19708089947, 4145, 10688.4045186866, 265, 8583.41696512239, 350, 19111.6825485072, 73824, 9499.89804613872, 4324, 21582.8417370877, 63, 229587.896925217, 198865, 1896.69512227629, 5488, 3380.81806191689, 31556, 18673.1174834887, 1603, 41541.4485196256, 116, 209772.083288743, 23, 208320.413816181, None, 462, 54727.8254053755)]","The text you provided contains information about various features and their corresponding values:

- **D_MiscInd (Distance to Miscellaneous Industry)**: A distance of 99008.3951625631 with a relevance score of 0.446488.
- **D_UrnVandD (Distance to Used Oil Recycling/Disposal facility)**: The distance is 1235059.42450282 with a relevance score of 0.351673.
- **D_PubTrans (Distance to Public Transportation)**: 237356.057860536 is the distance with a relevance score of 0.337173.
- **F_UrnVandD (Flag for Used Oil Recycling/Disposal facility)**: This flag has a value of 15 and a relevance of 0.335842.
- **Name**: Headwaters Big Sugar Creek, with a relevance score of 0.313693."